{
    "config": {
        "output": "results/TabNet/adult/130",
        "dataset": "adult",
        "normalization": "quantile",
        "model": "TabNet",
        "seed": 130,
        "early_stop": 16
    },
    "final": 0.8390762238191757,
    "best": 0.8411645476322093,
    "losses": "[0.40486185825788057, 0.34629448789816636, 0.33941744611813474, 0.3374450917427356, 0.33236374534093416, 0.3302803268799415, 0.32972168693175685, 0.32673791967905486, 0.32327781732265765, 0.32190264417574954, 0.32074979406136733, 0.3172731101512909, 0.31546718111405003, 0.314190903535256, 0.31312522750634414, 0.3106665634191953, 0.30853302432940555, 0.30882573356995213, 0.3066269365640787, 0.3048631388407487, 0.30250481229562026, 0.303689378958482, 0.3026285675855783, 0.2996892974926875, 0.2963366714807657]",
    "val_score": "[0.7592507293106096, 0.7592507293106096, 0.7592507293106096, 0.7592507293106096, 0.7592507293106096, 0.7633962843543682, 0.8182097343773991, 0.8386304314448026, 0.8429295255642562, 0.8407799785045295, 0.8378627360663289, 0.8398587440503608, 0.8378627360663289, 0.8303393213572854, 0.8334101028711807, 0.8347919545524336, 0.8347919545524336, 0.8281897742975587, 0.8304928604329802, 0.8337171810225702, 0.831874712114233, 0.8321817902656226, 0.8300322432058959, 0.8304928604329802, 0.8331030247197911]",
    "test_score": "[0.7637737239727289, 0.7637737239727289, 0.7637737239727289, 0.7637737239727289, 0.7637737239727289, 0.7670290522695166, 0.8211412075425343, 0.8372335851606166, 0.8390762238191757, 0.8401818070143111, 0.8411645476322093, 0.840366070880167, 0.8404889134574043, 0.8370493212947607, 0.8367422148516676, 0.8371107425833794, 0.8361894232540998, 0.8297401879491432, 0.833978256863829, 0.8364351084085744, 0.8370493212947607, 0.8366807935630489, 0.8334254652662613, 0.8338554142865917, 0.8380934832012775]",
    "cfg": {
        "normalization": "quantile",
        "model": {
            "batch_momentum": 0.95,
            "d_embedding": 169,
            "feature_dim": 32,
            "num_decision_steps": 5,
            "relaxation_factor": 1.613063457884132,
            "virtual_batch_size": 256,
            "output_dim": 32
        },
        "training": {
            "batch_size": 2048,
            "display_steps": 100,
            "epochs": 50000,
            "grad_thresh": 2000.0,
            "patience": 16,
            "schedule": {
                "decay_rate": 0.8962917207456913,
                "decay_steps": 500,
                "learning_rate": 0.009728281609720741
            },
            "sparsity_loss_weight": 0.001843742127649597
        }
    }
}