{
    "config": {
        "output": "results/XGBoost/otto/86",
        "dataset": "otto",
        "normalization": "__none__",
        "model": "XGBoost",
        "seed": 86
    },
    "final": 0.8273270846800258,
    "train_score": 0.9696724830181056,
    "test_score": 0.8230481769518231,
    "cfg": {
        "eval_score": 0.8299935358758889,
        "n_trial": 42,
        "dataset": "otto",
        "normalization": "__none__",
        "fit": {
            "early_stopping_rounds": 50,
            "verbose": false,
            "eval_metric": "merror"
        },
        "model": {
            "alpha": 0.07821973678710424,
            "booster": "gbtree",
            "colsample_bylevel": 0.7139106765101877,
            "colsample_bytree": 0.926646049675929,
            "gamma": 4.02187324452987e-06,
            "lambda": 1.0718309350284456,
            "learning_rate": 0.04495002695661424,
            "max_depth": 9,
            "min_child_weight": 8.041072486091907e-05,
            "n_estimators": 2000,
            "n_jobs": -1,
            "subsample": 0.8926105051049484,
            "tree_method": "gpu_hist"
        }
    },
    "metric": {
        "train": {
            "0": {
                "precision": 0.990909090909091,
                "recall": 0.9708502024291498,
                "f1-score": 0.9807770961145195,
                "support": 1235
            },
            "1": {
                "precision": 0.9269632070291048,
                "recall": 0.981585578600504,
                "f1-score": 0.9534927508943702,
                "support": 10318
            },
            "2": {
                "precision": 0.9505991170906033,
                "recall": 0.8828582584927762,
                "f1-score": 0.9154772750278367,
                "support": 5122
            },
            "3": {
                "precision": 0.9864165588615783,
                "recall": 0.8855981416957027,
                "f1-score": 0.9332925336597307,
                "support": 1722
            },
            "4": {
                "precision": 0.9994295493439818,
                "recall": 0.9994295493439818,
                "f1-score": 0.9994295493439818,
                "support": 1753
            },
            "5": {
                "precision": 0.9976769911504425,
                "recall": 0.9970152553614857,
                "f1-score": 0.997346013491098,
                "support": 9046
            },
            "6": {
                "precision": 0.9743016759776536,
                "recall": 0.9598238855255916,
                "f1-score": 0.9670085943997782,
                "support": 1817
            },
            "7": {
                "precision": 0.9913332104001475,
                "recall": 0.992431235000923,
                "f1-score": 0.9918819188191882,
                "support": 5417
            },
            "8": {
                "precision": 0.9933460076045627,
                "recall": 0.988647114474929,
                "f1-score": 0.990990990990991,
                "support": 3171
            },
            "accuracy": 0.9696724830181056,
            "macro avg": {
                "precision": 0.9789972675963516,
                "recall": 0.9620265801027826,
                "f1-score": 0.9699663025268327,
                "support": 39601
            },
            "weighted avg": {
                "precision": 0.9702533139957756,
                "recall": 0.9696724830181056,
                "f1-score": 0.969473137138583,
                "support": 39601
            },
            "score": 0.9696724830181056
        },
        "val": {
            "0": {
                "precision": 0.7373737373737373,
                "recall": 0.474025974025974,
                "f1-score": 0.5770750988142292,
                "support": 308
            },
            "1": {
                "precision": 0.7420318725099602,
                "recall": 0.8662790697674418,
                "f1-score": 0.7993562231759657,
                "support": 2580
            },
            "2": {
                "precision": 0.6547169811320754,
                "recall": 0.5417642466822795,
                "f1-score": 0.5929090132422042,
                "support": 1281
            },
            "3": {
                "precision": 0.8169014084507042,
                "recall": 0.5382830626450116,
                "f1-score": 0.6489510489510489,
                "support": 431
            },
            "4": {
                "precision": 0.9745958429561201,
                "recall": 0.9634703196347032,
                "f1-score": 0.9690011481056258,
                "support": 438
            },
            "5": {
                "precision": 0.9409937888198758,
                "recall": 0.9376657824933687,
                "f1-score": 0.9393268379096547,
                "support": 2262
            },
            "6": {
                "precision": 0.7611241217798594,
                "recall": 0.7158590308370044,
                "f1-score": 0.7377979568671964,
                "support": 454
            },
            "7": {
                "precision": 0.9027679205110007,
                "recall": 0.9394387001477105,
                "f1-score": 0.9207383279044518,
                "support": 1354
            },
            "8": {
                "precision": 0.8519417475728155,
                "recall": 0.8852459016393442,
                "f1-score": 0.8682745825602969,
                "support": 793
            },
            "accuracy": 0.8230481769518231,
            "macro avg": {
                "precision": 0.820271935678461,
                "recall": 0.7624480097636487,
                "f1-score": 0.7837144708367414,
                "support": 9901
            },
            "weighted avg": {
                "precision": 0.821252313207735,
                "recall": 0.8230481769518231,
                "f1-score": 0.81796324178189,
                "support": 9901
            },
            "score": 0.8230481769518231
        },
        "test": {
            "0": {
                "precision": 0.7903225806451613,
                "recall": 0.5077720207253886,
                "f1-score": 0.6182965299684543,
                "support": 386
            },
            "1": {
                "precision": 0.7502685284640171,
                "recall": 0.8666253101736973,
                "f1-score": 0.8042602187679907,
                "support": 3224
            },
            "2": {
                "precision": 0.6385011021307861,
                "recall": 0.542785758900687,
                "f1-score": 0.5867656988521268,
                "support": 1601
            },
            "3": {
                "precision": 0.7867435158501441,
                "recall": 0.5074349442379182,
                "f1-score": 0.6169491525423729,
                "support": 538
            },
            "4": {
                "precision": 0.9832402234636871,
                "recall": 0.9635036496350365,
                "f1-score": 0.9732718894009217,
                "support": 548
            },
            "5": {
                "precision": 0.9467184191954834,
                "recall": 0.9490626105412098,
                "f1-score": 0.9478890655361244,
                "support": 2827
            },
            "6": {
                "precision": 0.7841584158415842,
                "recall": 0.6971830985915493,
                "f1-score": 0.7381174277726003,
                "support": 568
            },
            "7": {
                "precision": 0.9034443817052513,
                "recall": 0.9450679267572357,
                "f1-score": 0.9237875288683604,
                "support": 1693
            },
            "8": {
                "precision": 0.8579599618684461,
                "recall": 0.9081735620585267,
                "f1-score": 0.8823529411764707,
                "support": 991
            },
            "accuracy": 0.8273270846800258,