{
    "normalization": "quantile",
    "model": {
        "d_layers": [
            510,
            263,
            363
        ],
        "dropout": 0.1973063643675128
    },
    "training": {
        "batch_size": 256,
        "eval_batch_size": 8192,
        "lr": 0.001304086404538407,
        "optimizer": "adamw",
        "patience": 16,
        "weight_decay": 0.0001516844843295177
    }
}