{
    "eval_score": 0.7432432432432432,
    "n_trial": 90,
    "dataset": "higgs-small",
    "normalization": "quantile",
    "model": {
        "activation": "reglu",
        "initialization": "kaiming",
        "n_heads": 8,
        "prenormalization": true,
        "residual_dropout": 0.0,
        "attention_dropout": 0.3116064229672715,
        "d_ffn_factor": 1.3495188997617253,
        "d_token": 176,
        "ffn_dropout": 0.10946355318354216,
        "n_layers": 4
    },
    "training": {
        "batch_size": 512,
        "eval_batch_size": 8192,
        "optimizer": "adamw",
        "weight_decay": 1.2244745456604832e-06,
        "lr": 0.00046366879521788637,
        "patience": 16,
        "col_lr": 0.012033607131197598
    }
}