{
    "config": {
        "output": "results/TabNet/churn/86",
        "dataset": "churn",
        "normalization": "quantile",
        "model": "TabNet",
        "seed": 86,
        "early_stop": 16
    },
    "final": 0.8535,
    "best": 0.8565,
    "losses": "[0.3922576054930687, 0.35703161925077437, 0.35048516660928725, 0.3514641571044922, 0.3491084262728691, 0.34638551592826844, 0.3480031344294548, 0.3438413771986961, 0.3405973643064499, 0.3403723502159119, 0.33550155013799665, 0.3357380500435829, 0.33469772934913633, 0.33172098428010943, 0.3303916895389557, 0.33076985746622084, 0.327846066057682, 0.32811875343322755, 0.32657622277736664, 0.3240925022959709, 0.32401525616645815, 0.3228577446937561, 0.3218736234307289, 0.32308529287576676, 0.32231568813323974, 0.3215824729204178]",
    "val_score": "[0.79625, 0.796875, 0.855, 0.860625, 0.8575, 0.86, 0.859375, 0.86, 0.85875, 0.86125, 0.86125, 0.86, 0.858125, 0.859375, 0.8575, 0.859375, 0.856875, 0.8575, 0.858125, 0.858125, 0.855625, 0.856875, 0.86, 0.860625, 0.859375, 0.856875]",
    "test_score": "[0.7965, 0.7975, 0.8455, 0.8515, 0.851, 0.856, 0.856, 0.8555, 0.8565, 0.8535, 0.853, 0.8525, 0.853, 0.85, 0.853, 0.852, 0.8525, 0.853, 0.8525, 0.85, 0.8515, 0.8515, 0.85, 0.8515, 0.849, 0.8535]",
    "cfg": {
        "model": {
            "batch_momentum": 0.95,
            "d_embedding": 128,
            "feature_dim": 64,
            "num_decision_steps": 3,
            "relaxation_factor": 1.333,
            "virtual_batch_size": 128,
            "output_dim": 64
        },
        "training": {
            "display_steps": 100,
            "epochs": 50000,
            "grad_thresh": 2000.0,
            "patience": 16,
            "schedule": {
                "decay_rate": 0.5,
                "decay_steps": 500,
                "learning_rate": 0.005
            },
            "sparsity_loss_weight": 0.001
        }
    }
}