{
    "config": {
        "output": "results/XGBoost/otto/31",
        "dataset": "otto",
        "normalization": "__none__",
        "model": "XGBoost",
        "seed": 31
    },
    "final": 0.8280542986425339,
    "train_score": 0.9830812353223404,
    "test_score": 0.8240581759418241,
    "cfg": {
        "eval_score": 0.8299935358758889,
        "n_trial": 42,
        "dataset": "otto",
        "normalization": "__none__",
        "fit": {
            "early_stopping_rounds": 50,
            "verbose": false,
            "eval_metric": "merror"
        },
        "model": {
            "alpha": 0.07821973678710424,
            "booster": "gbtree",
            "colsample_bylevel": 0.7139106765101877,
            "colsample_bytree": 0.926646049675929,
            "gamma": 4.02187324452987e-06,
            "lambda": 1.0718309350284456,
            "learning_rate": 0.04495002695661424,
            "max_depth": 9,
            "min_child_weight": 8.041072486091907e-05,
            "n_estimators": 2000,
            "n_jobs": -1,
            "subsample": 0.8926105051049484,
            "tree_method": "gpu_hist"
        }
    },
    "metric": {
        "train": {
            "0": {
                "precision": 0.9975589910496339,
                "recall": 0.9927125506072875,
                "f1-score": 0.9951298701298701,
                "support": 1235
            },
            "1": {
                "precision": 0.9547494390426328,
                "recall": 0.9897266912192285,
                "f1-score": 0.9719234795850386,
                "support": 10318
            },
            "2": {
                "precision": 0.9735655737704918,
                "recall": 0.9275673565013667,
                "f1-score": 0.9500099980004,
                "support": 5122
            },
            "3": {
                "precision": 0.9950708564386938,
                "recall": 0.937862950058072,
                "f1-score": 0.9656203288490284,
                "support": 1722
            },
            "4": {
                "precision": 1.0,
                "recall": 1.0,
                "f1-score": 1.0,
                "support": 1753
            },
            "5": {
                "precision": 0.9994468414647638,
                "recall": 0.998673446827327,
                "f1-score": 0.9990599944705557,
                "support": 9046
            },
            "6": {
                "precision": 0.9905764966740577,
                "recall": 0.9834892680242158,
                "f1-score": 0.9870201601767467,
                "support": 1817
            },
            "7": {
                "precision": 0.9968599926117473,
                "recall": 0.9963079195126454,
                "f1-score": 0.9965838796048381,
                "support": 5417
            },
            "8": {
                "precision": 0.9977869111602908,
                "recall": 0.9952696310312205,
                "f1-score": 0.9965266814019575,
                "support": 3171
            },
            "accuracy": 0.9830812353223404,
            "macro avg": {
                "precision": 0.9895127891347014,
                "recall": 0.9801788681979292,
                "f1-score": 0.9846527102464928,
                "support": 39601
            },
            "weighted avg": {
                "precision": 0.9833350533381028,
                "recall": 0.9830812353223404,
                "f1-score": 0.9830164539171159,
                "support": 39601
            },
            "score": 0.9830812353223404
        },
        "val": {
            "0": {
                "precision": 0.7391304347826086,
                "recall": 0.4967532467532468,
                "f1-score": 0.5941747572815534,
                "support": 308
            },
            "1": {
                "precision": 0.7426005986032591,
                "recall": 0.8655038759689923,
                "f1-score": 0.7993556470377663,
                "support": 2580
            },
            "2": {
                "precision": 0.6484230055658627,
                "recall": 0.5456674473067916,
                "f1-score": 0.5926239932174651,
                "support": 1281
            },
            "3": {
                "precision": 0.8226950354609929,
                "recall": 0.5382830626450116,
                "f1-score": 0.6507713884992987,
                "support": 431
            },
            "4": {
                "precision": 0.9791183294663574,
                "recall": 0.9634703196347032,
                "f1-score": 0.9712313003452243,
                "support": 438
            },
            "5": {
                "precision": 0.9462222222222222,
                "recall": 0.9412024756852343,
                "f1-score": 0.9437056737588652,
                "support": 2262
            },
            "6": {
                "precision": 0.7619047619047619,
                "recall": 0.7048458149779736,
                "f1-score": 0.7322654462242563,
                "support": 454
            },
            "7": {
                "precision": 0.9070764832022874,
                "recall": 0.9372230428360414,
                "f1-score": 0.921903378132946,
                "support": 1354
            },
            "8": {
                "precision": 0.848851269649335,
                "recall": 0.8852459016393442,
                "f1-score": 0.8666666666666667,
                "support": 793
            },
            "accuracy": 0.8240581759418241,
            "macro avg": {
                "precision": 0.8217802378730764,
                "recall": 0.764243909716371,
                "f1-score": 0.7858553612404491,
                "support": 9901
            },
            "weighted avg": {
                "precision": 0.8226650864244544,
                "recall": 0.8240581759418241,
                "f1-score": 0.8194133012012095,
                "support": 9901
            },
            "score": 0.8240581759418241
        },
        "test": {
            "0": {
                "precision": 0.7836734693877551,
                "recall": 0.49740932642487046,
                "f1-score": 0.6085578446909666,
                "support": 386
            },
            "1": {
                "precision": 0.7561041779707,
                "recall": 0.864454094292804,
                "f1-score": 0.806657018813314,
                "support": 3224
            },
            "2": {
                "precision": 0.639367816091954,
                "recall": 0.5559025608994379,
                "f1-score": 0.5947210157033077,
                "support": 1601
            },
            "3": {
                "precision": 0.7888888888888889,
                "recall": 0.5278810408921933,
                "f1-score": 0.6325167037861915,
                "support": 538
            },
            "4": {
                "precision": 0.983271375464684,
                "recall": 0.9653284671532847,
                "f1-score": 0.9742173112338858,
                "support": 548
            },
            "5": {
                "precision": 0.9463276836158192,
                "recall": 0.948001414927485,
                "f1-score": 0.9471638098603995,
                "support": 2827
            },
            "6": {
                "precision": 0.7828685258964143,
                "recall": 0.6919014084507042,
                "f1-score": 0.7345794392523364,
                "support": 568
            },
            "7": {
                "precision": 0.9049516220830962,
                "recall": 0.9391612522150029,
                "f1-score": 0.9217391304347825,
                "support": 1693
            },
            "8": {
                "precision": 0.8486842105263158,
                "recall": 0.9112008072653885,
                "f1-score": 0.8788321167883213,
                "support": 991
            },
            "accuracy": 0.8280542986425339,
            "macro avg": {
                "precision": 0.8260153077695142,