{
    "config": {
        "output": "results/XGBoost/year/108",
        "dataset": "year",
        "normalization": "quantile",
        "model": "XGBoost",
        "seed": 108
    },
    "final": -8.936612479990895,
    "train_score": -2.8666160852300315,
    "test_score": -8.538297623310756,
    "cfg": {
        "normalization": "quantile",
        "fit": {
            "early_stopping_rounds": 50,
            "verbose": false
        },
        "model": {
            "alpha": 4.156821052157599,
            "booster": "gbtree",
            "colsample_bylevel": 0.5158660163078297,
            "colsample_bytree": 0.8046988288528175,
            "gamma": 8.943687470645634e-08,
            "lambda": 0,
            "learning_rate": 0.07320187376842328,
            "max_depth": 9,
            "min_child_weight": 1.75678429701778,
            "n_estimators": 2000,
            "n_jobs": -1,
            "subsample": 0.8277066886890202,
            "tree_method": "gpu_hist"
        }
    },
    "metric": {
        "train": {
            "rmse": 2.8666160852300315,
            "score": -2.8666160852300315
        },
        "val": {
            "rmse": 8.538297623310756,
            "score": -8.538297623310756
        },
        "test": {
            "rmse": 8.936612479990895,
            "score": -8.936612479990895
        }
    }
}