{
    "config": {
        "output": "results/XGBoost/otto/42",
        "dataset": "otto",
        "normalization": "__none__",
        "model": "XGBoost",
        "seed": 42
    },
    "final": 0.8299935358758889,
    "train_score": 0.9779298502563066,
    "test_score": 0.8221391778608221,
    "cfg": {
        "eval_score": 0.8299935358758889,
        "n_trial": 42,
        "dataset": "otto",
        "normalization": "__none__",
        "fit": {
            "early_stopping_rounds": 50,
            "verbose": false,
            "eval_metric": "merror"
        },
        "model": {
            "alpha": 0.07821973678710424,
            "booster": "gbtree",
            "colsample_bylevel": 0.7139106765101877,
            "colsample_bytree": 0.926646049675929,
            "gamma": 4.02187324452987e-06,
            "lambda": 1.0718309350284456,
            "learning_rate": 0.04495002695661424,
            "max_depth": 9,
            "min_child_weight": 8.041072486091907e-05,
            "n_estimators": 2000,
            "n_jobs": -1,
            "subsample": 0.8926105051049484,
            "tree_method": "gpu_hist"
        }
    },
    "metric": {
        "train": {
            "0": {
                "precision": 0.9950980392156863,
                "recall": 0.9862348178137652,
                "f1-score": 0.9906466043106954,
                "support": 1235
            },
            "1": {
                "precision": 0.9427777777777778,
                "recall": 0.9868191509982555,
                "f1-score": 0.9642958613505067,
                "support": 10318
            },
            "2": {
                "precision": 0.9659185369908562,
                "recall": 0.9074580242092932,
                "f1-score": 0.9357761224078921,
                "support": 5122
            },
            "3": {
                "precision": 0.9937225360954175,
                "recall": 0.9192799070847851,
                "f1-score": 0.955052790346908,
                "support": 1722
            },
            "4": {
                "precision": 1.0,
                "recall": 0.9994295493439818,
                "f1-score": 0.9997146932952925,
                "support": 1753
            },
            "5": {
                "precision": 0.9990042044700155,
                "recall": 0.9981207163387132,
                "f1-score": 0.9985622649856226,
                "support": 9046
            },
            "6": {
                "precision": 0.9855875831485588,
                "recall": 0.9785360484314805,
                "f1-score": 0.9820491576912455,
                "support": 1817
            },
            "7": {
                "precision": 0.9946484591252999,
                "recall": 0.9950156913420712,
                "f1-score": 0.9948320413436692,
                "support": 5417
            },
            "8": {
                "precision": 0.9962013295346629,
                "recall": 0.9924314096499527,
                "f1-score": 0.9943127962085309,
                "support": 3171
            },
            "accuracy": 0.9779298502563066,
            "macro avg": {
                "precision": 0.9858842740398084,
                "recall": 0.9737028128013665,
                "f1-score": 0.9794713702155958,
                "support": 39601
            },
            "weighted avg": {
                "precision": 0.9783319091542844,
                "recall": 0.9779298502563066,
                "f1-score": 0.9778174270436686,
                "support": 39601
            },
            "score": 0.9779298502563066
        },
        "val": {
            "0": {
                "precision": 0.7403846153846154,
                "recall": 0.5,
                "f1-score": 0.5968992248062016,
                "support": 308
            },
            "1": {
                "precision": 0.7385988103106411,
                "recall": 0.8662790697674418,
                "f1-score": 0.7973599714591509,
                "support": 2580
            },
            "2": {
                "precision": 0.6398865784499055,
                "recall": 0.5284933645589384,
                "f1-score": 0.5788798631893972,
                "support": 1281
            },
            "3": {
                "precision": 0.8226950354609929,
                "recall": 0.5382830626450116,
                "f1-score": 0.6507713884992987,
                "support": 431
            },
            "4": {
                "precision": 0.9790697674418605,
                "recall": 0.9611872146118722,
                "f1-score": 0.9700460829493087,
                "support": 438
            },
            "5": {
                "precision": 0.9445921985815603,
                "recall": 0.9420866489832007,
                "f1-score": 0.9433377600708278,
                "support": 2262
            },
            "6": {
                "precision": 0.7745803357314148,
                "recall": 0.711453744493392,
                "f1-score": 0.7416762342135477,
                "support": 454
            },
            "7": {
                "precision": 0.901067615658363,
                "recall": 0.9350073855243722,
                "f1-score": 0.9177238129757158,
                "support": 1354
            },
            "8": {
                "precision": 0.8559218559218559,
                "recall": 0.8839848675914249,
                "f1-score": 0.8697270471464019,
                "support": 793
            },
            "accuracy": 0.8221391778608221,
            "macro avg": {
                "precision": 0.8218663125490232,
                "recall": 0.7629750397972949,
                "f1-score": 0.7851579317010944,
                "support": 9901
            },
            "weighted avg": {
                "precision": 0.820508112970253,
                "recall": 0.8221391778608221,
                "f1-score": 0.8171683728810132,
                "support": 9901
            },
            "score": 0.8221391778608221
        },
        "test": {
            "0": {
                "precision": 0.7857142857142857,
                "recall": 0.5129533678756477,
                "f1-score": 0.6206896551724139,
                "support": 386
            },
            "1": {
                "precision": 0.7540279269602578,
                "recall": 0.8709677419354839,
                "f1-score": 0.8082901554404145,
                "support": 3224
            },
            "2": {
                "precision": 0.6452802359882006,
                "recall": 0.5465334166146159,
                "f1-score": 0.5918160297598918,
                "support": 1601
            },
            "3": {
                "precision": 0.7971428571428572,
                "recall": 0.5185873605947955,
                "f1-score": 0.6283783783783783,
                "support": 538
            },
            "4": {
                "precision": 0.983271375464684,
                "recall": 0.9653284671532847,
                "f1-score": 0.9742173112338858,
                "support": 548
            },
            "5": {
                "precision": 0.946031746031746,
                "recall": 0.9487088786699681,
                "f1-score": 0.9473684210526316,
                "support": 2827
            },
            "6": {
                "precision": 0.7874015748031497,
                "recall": 0.704225352112676,
                "f1-score": 0.7434944237918216,
                "support": 568
            },
            "7": {
                "precision": 0.905436013590034,
                "recall": 0.9444772593030124,
                "f1-score": 0.924544666088465,
                "support": 1693
            },
            "8": {
                "precision": 0.8615090735434575,
                "recall": 0.9101917255297679,
                "f1-score": 0.8851815505397448,
                "support": 991
            },
            "accuracy": 0.8299935358758889,
            "macro avg": {
                "precision": 0.8295350099154081,