{
    "config": {
        "output": "results/TabNet/fb-comments/53",
        "dataset": "fb-comments",
        "normalization": "quantile",
        "model": "TabNet",
        "seed": 53,
        "early_stop": 16
    },
    "final": -8.388754013177627,
    "best": -8.387776824559982,
    "losses": "[0.49318094691866404, 0.44114846803925256, 0.42710099499914556, 0.4182671472043186, 0.41128541563044896, 0.4039693602977635, 0.4005110477665802, 0.3967463725863339, 0.3917697524385793, 0.3892484602893328, 0.38873093851007423, 0.3870001630736636, 0.3871250661065826, 0.3848003598486448, 0.3859806213189255, 0.38637001023857626, 0.3839638316882895, 0.38463826903275083, 0.385659353493096, 0.3852016553766542, 0.3849149083646087, 0.38466675584385923, 0.38460313422339304, 0.38489519538623945, 0.38460456526705195, 0.38416785940334397, 0.38499094047523164, 0.3860560900882467, 0.386010281112674]",
    "val_score": "[-8.671440646952906, -8.53429062400236, -8.434539287562359, -8.406096099801145, -8.390387715124316, -8.358155517230273, -8.310790651913267, -8.268805182670679, -8.261741532566566, -8.247551379222722, -8.23656916262112, -8.227844338699345, -8.226896426190775, -8.230640677537583, -8.230454998663713, -8.229727174995055, -8.231314864385327, -8.234231376620032, -8.233197231521213, -8.231948750903145, -8.233370192978633, -8.23305704245818, -8.23157647426073, -8.234467586082966, -8.235524605318323, -8.232558248588566, -8.229649259637558, -8.230247565737221, -8.230743578186456]",
    "test_score": "[-8.729359293203343, -8.62126912878813, -8.566410883362122, -8.559060624265548, -8.543064633257755, -8.507758545198723, -8.475409387304488, -8.426509969587066, -8.416662219489199, -8.403114284566051, -8.400371860828015, -8.391458206526513, -8.388754013177627, -8.391116568397365, -8.389068676807334, -8.388874402073697, -8.389773760750433, -8.39088954487443, -8.389668670695686, -8.388676937897875, -8.390029155942093, -8.390130738651493, -8.389186513388145, -8.391113702781075, -8.391562319015893, -8.389818662463355, -8.387776824559982, -8.388450485355142, -8.38904510929255]",
    "cfg": {
        "model": {
            "batch_momentum": 0.95,
            "d_embedding": 128,
            "feature_dim": 64,
            "num_decision_steps": 3,
            "relaxation_factor": 1.333,
            "virtual_batch_size": 128,
            "output_dim": 64
        },
        "training": {
            "display_steps": 100,
            "epochs": 50000,
            "grad_thresh": 2000.0,
            "patience": 16,
            "schedule": {
                "decay_rate": 0.5,
                "decay_steps": 500,
                "learning_rate": 0.005
            },
            "sparsity_loss_weight": 0.001
        }
    }
}