{
    "config": {
        "output": "results/TabNet/churn/174",
        "dataset": "churn",
        "normalization": "quantile",
        "model": "TabNet",
        "seed": 174,
        "early_stop": 16
    },
    "final": 0.827,
    "best": 0.8365,
    "losses": "[0.43090416431427003, 0.4050519800186157, 0.40368428587913513, 0.39978005945682527, 0.39697995185852053, 0.39467373967170716, 0.3932524758577347, 0.3898750960826874, 0.3879330664873123, 0.3866153514385223, 0.38406755328178405, 0.3833182430267334, 0.38082599341869355, 0.38003658533096313, 0.37820631682872774, 0.3781541323661804, 0.37402031272649766, 0.3725620859861374, 0.3700059545040131, 0.36624460995197294]",
    "val_score": "[0.79625, 0.784375, 0.824375, 0.840625, 0.83625, 0.838125, 0.83875, 0.83875, 0.838125, 0.839375, 0.83875, 0.835625, 0.838125, 0.835625, 0.8375, 0.8375, 0.836875, 0.83375, 0.839375, 0.83625]",
    "test_score": "[0.7965, 0.7855, 0.8215, 0.827, 0.8315, 0.8305, 0.831, 0.827, 0.83, 0.83, 0.832, 0.833, 0.834, 0.83, 0.8335, 0.833, 0.8335, 0.832, 0.8335, 0.8365]",
    "cfg": {
        "model": {
            "batch_momentum": 0.95,
            "d_embedding": 128,
            "feature_dim": 64,
            "num_decision_steps": 3,
            "relaxation_factor": 1.333,
            "virtual_batch_size": 128,
            "output_dim": 64
        },
        "training": {
            "display_steps": 100,
            "epochs": 50000,
            "grad_thresh": 2000.0,
            "patience": 16,
            "schedule": {
                "decay_rate": 0.5,
                "decay_steps": 500,
                "learning_rate": 0.005
            },
            "sparsity_loss_weight": 0.001
        }
    }
}