{
    "config": {
        "output": "results/XGBoost/otto/163",
        "dataset": "otto",
        "normalization": "__none__",
        "model": "XGBoost",
        "seed": 163
    },
    "final": 0.8258726567550096,
    "train_score": 0.9686371556273832,
    "test_score": 0.8240581759418241,
    "cfg": {
        "eval_score": 0.8299935358758889,
        "n_trial": 42,
        "dataset": "otto",
        "normalization": "__none__",
        "fit": {
            "early_stopping_rounds": 50,
            "verbose": false,
            "eval_metric": "merror"
        },
        "model": {
            "alpha": 0.07821973678710424,
            "booster": "gbtree",
            "colsample_bylevel": 0.7139106765101877,
            "colsample_bytree": 0.926646049675929,
            "gamma": 4.02187324452987e-06,
            "lambda": 1.0718309350284456,
            "learning_rate": 0.04495002695661424,
            "max_depth": 9,
            "min_child_weight": 8.041072486091907e-05,
            "n_estimators": 2000,
            "n_jobs": -1,
            "subsample": 0.8926105051049484,
            "tree_method": "gpu_hist"
        }
    },
    "metric": {
        "train": {
            "0": {
                "precision": 0.9876543209876543,
                "recall": 0.97165991902834,
                "f1-score": 0.9795918367346939,
                "support": 1235
            },
            "1": {
                "precision": 0.924988579259936,
                "recall": 0.9811979065710409,
                "f1-score": 0.9522644970135917,
                "support": 10318
            },
            "2": {
                "precision": 0.9497476871320437,
                "recall": 0.8818820773135494,
                "f1-score": 0.914557602753594,
                "support": 5122
            },
            "3": {
                "precision": 0.9876543209876543,
                "recall": 0.8826945412311266,
                "f1-score": 0.932229377491567,
                "support": 1722
            },
            "4": {
                "precision": 0.9994295493439818,
                "recall": 0.9994295493439818,
                "f1-score": 0.9994295493439818,
                "support": 1753
            },
            "5": {
                "precision": 0.9974537805823093,
                "recall": 0.996020340481981,
                "f1-score": 0.9967365451628962,
                "support": 9046
            },
            "6": {
                "precision": 0.9710144927536232,
                "recall": 0.9587231700605393,
                "f1-score": 0.9648296870672943,
                "support": 1817
            },
            "7": {
                "precision": 0.9907749077490775,
                "recall": 0.9913236108547167,
                "f1-score": 0.9910491833533265,
                "support": 5417
            },
            "8": {
                "precision": 0.993006993006993,
                "recall": 0.9851781772311574,
                "f1-score": 0.9890770935570682,
                "support": 3171
            },
            "accuracy": 0.9686371556273832,
            "macro avg": {
                "precision": 0.977969403533697,
                "recall": 0.9609010324573813,
                "f1-score": 0.9688628191642237,
                "support": 39601
            },
            "weighted avg": {
                "precision": 0.9692756931400136,
                "recall": 0.9686371556273832,
                "f1-score": 0.9684446162151774,
                "support": 39601
            },
            "score": 0.9686371556273832
        },
        "val": {
            "0": {
                "precision": 0.7294685990338164,
                "recall": 0.4902597402597403,
                "f1-score": 0.5864077669902913,
                "support": 308
            },
            "1": {
                "precision": 0.7422885572139304,
                "recall": 0.8674418604651163,
                "f1-score": 0.7999999999999999,
                "support": 2580
            },
            "2": {
                "precision": 0.6538821328344246,
                "recall": 0.5456674473067916,
                "f1-score": 0.5948936170212766,
                "support": 1281
            },
            "3": {
                "precision": 0.8333333333333334,
                "recall": 0.5336426914153132,
                "f1-score": 0.6506364922206507,
                "support": 431
            },
            "4": {
                "precision": 0.9745370370370371,
                "recall": 0.9611872146118722,
                "f1-score": 0.967816091954023,
                "support": 438
            },
            "5": {
                "precision": 0.9419583517944173,
                "recall": 0.9398762157382847,
                "f1-score": 0.9409161318875857,
                "support": 2262
            },
            "6": {
                "precision": 0.7582938388625592,
                "recall": 0.7048458149779736,
                "f1-score": 0.730593607305936,
                "support": 454
            },
            "7": {
                "precision": 0.9066951566951567,
                "recall": 0.9401772525849336,
                "f1-score": 0.9231327048585932,
                "support": 1354
            },
            "8": {
                "precision": 0.8559218559218559,
                "recall": 0.8839848675914249,
                "f1-score": 0.8697270471464019,
                "support": 793
            },
            "accuracy": 0.8240581759418241,
            "macro avg": {
                "precision": 0.8218198736362813,
                "recall": 0.7630092338834946,
                "f1-score": 0.7849026065983065,
                "support": 9901
            },
            "weighted avg": {
                "precision": 0.8226243991190779,
                "recall": 0.8240581759418241,
                "f1-score": 0.8191755490225707,
                "support": 9901
            },
            "score": 0.8240581759418241
        },
        "test": {
            "0": {
                "precision": 0.7741935483870968,
                "recall": 0.49740932642487046,
                "f1-score": 0.6056782334384858,
                "support": 386
            },
            "1": {
                "precision": 0.7482014388489209,
                "recall": 0.8709677419354839,
                "f1-score": 0.8049304858821843,
                "support": 3224
            },
            "2": {
                "precision": 0.6402393418100224,
                "recall": 0.5346658338538414,
                "f1-score": 0.5827093260721579,
                "support": 1601
            },
            "3": {
                "precision": 0.8011695906432749,
                "recall": 0.5092936802973977,
                "f1-score": 0.6227272727272728,
                "support": 538
            },
            "4": {
                "precision": 0.9814126394052045,
                "recall": 0.9635036496350365,
                "f1-score": 0.9723756906077348,
                "support": 548
            },
            "5": {
                "precision": 0.9462517680339463,
                "recall": 0.9465864874425186,
                "f1-score": 0.9464190981432362,
                "support": 2827
            },
            "6": {
                "precision": 0.775390625,
                "recall": 0.698943661971831,
                "f1-score": 0.7351851851851852,
                "support": 568
            },
            "7": {
                "precision": 0.9026047565118913,
                "recall": 0.941523922031896,
                "f1-score": 0.9216536571263371,
                "support": 1693
            },
            "8": {
                "precision": 0.8517110266159695,
                "recall": 0.9041372351160444,
                "f1-score": 0.877141458639256,
                "support": 991
            },
            "accuracy": 0.8258726567550096,