{
    "config": {
        "output": "results/XGBoost/churn/119",
        "dataset": "churn",
        "normalization": "quantile",
        "model": "XGBoost",
        "seed": 119
    },
    "final": 0.85,
    "train_score": 0.88015625,
    "test_score": 0.861875,
    "cfg": {
        "eval_score": 0.858,
        "n_trial": 51,
        "dataset": "churn",
        "normalization": "quantile",
        "fit": {
            "early_stopping_rounds": 50,
            "verbose": false,
            "eval_metric": "error"
        },
        "model": {
            "alpha": 0.9503299243972039,
            "booster": "gbtree",
            "colsample_bylevel": 0.6677906986372057,
            "colsample_bytree": 0.8212494035186699,
            "gamma": 6.530439605891802e-07,
            "lambda": 2.3562503251888525e-08,
            "learning_rate": 8.659258690380046e-05,
            "max_depth": 9,
            "min_child_weight": 2.882693797501982e-08,
            "n_estimators": 2000,
            "n_jobs": -1,
            "subsample": 0.7457707152364644,
            "tree_method": "gpu_hist"
        }
    },
    "metric": {
        "train": {
            "0": {
                "precision": 0.8776827778747165,
                "recall": 0.9870486656200942,
                "f1-score": 0.9291585850189342,
                "support": 5096
            },
            "1": {
                "precision": 0.9013452914798207,
                "recall": 0.4624233128834356,
                "f1-score": 0.6112519006588951,
                "support": 1304
            },
            "accuracy": 0.88015625,
            "macro avg": {
                "precision": 0.8895140346772685,
                "recall": 0.7247359892517649,
                "f1-score": 0.7702052428389147,
                "support": 6400
            },
            "weighted avg": {
                "precision": 0.8825040150217565,
                "recall": 0.88015625,
                "f1-score": 0.8643850980805763,
                "support": 6400
            },
            "roc_auc": 0.8948721359709528,
            "score": 0.88015625
        },
        "val": {
            "0": {
                "precision": 0.8653712699514227,
                "recall": 0.978806907378336,
                "f1-score": 0.9186003683241252,
                "support": 1274
            },
            "1": {
                "precision": 0.8301886792452831,
                "recall": 0.4049079754601227,
                "f1-score": 0.5443298969072164,
                "support": 326
            },
            "accuracy": 0.861875,
            "macro avg": {
                "precision": 0.8477799745983529,
                "recall": 0.6918574414192293,
                "f1-score": 0.7314651326156708,
                "support": 1600
            },
            "weighted avg": {
                "precision": 0.8582028170950466,
                "recall": 0.861875,
                "f1-score": 0.84234275977293,
                "support": 1600
            },
            "roc_auc": 0.8438664753301037,
            "score": 0.861875
        },
        "test": {
            "0": {
                "precision": 0.857379767827529,
                "recall": 0.9736346516007532,
                "f1-score": 0.9118165784832452,
                "support": 1593
            },
            "1": {
                "precision": 0.7801047120418848,
                "recall": 0.36609336609336607,
                "f1-score": 0.4983277591973244,
                "support": 407
            },
            "accuracy": 0.85,
            "macro avg": {
                "precision": 0.8187422399347069,
                "recall": 0.6698640088470597,
                "f1-score": 0.7050721688402848,
                "support": 2000
            },
            "weighted avg": {
                "precision": 0.8416542939751503,
                "recall": 0.85,
                "f1-score": 0.8276716037585603,
                "support": 2000
            },
            "roc_auc": 0.8299539909709401,
            "score": 0.85
        }
    }
}