{
    "config": {
        "output": "results/XGBoost/churn/86",
        "dataset": "churn",
        "normalization": "quantile",
        "model": "XGBoost",
        "seed": 86
    },
    "final": 0.8535,
    "train_score": 0.88609375,
    "test_score": 0.86375,
    "cfg": {
        "eval_score": 0.858,
        "n_trial": 51,
        "dataset": "churn",
        "normalization": "quantile",
        "fit": {
            "early_stopping_rounds": 50,
            "verbose": false,
            "eval_metric": "error"
        },
        "model": {
            "alpha": 0.9503299243972039,
            "booster": "gbtree",
            "colsample_bylevel": 0.6677906986372057,
            "colsample_bytree": 0.8212494035186699,
            "gamma": 6.530439605891802e-07,
            "lambda": 2.3562503251888525e-08,
            "learning_rate": 8.659258690380046e-05,
            "max_depth": 9,
            "min_child_weight": 2.882693797501982e-08,
            "n_estimators": 2000,
            "n_jobs": -1,
            "subsample": 0.7457707152364644,
            "tree_method": "gpu_hist"
        }
    },
    "metric": {
        "train": {
            "0": {
                "precision": 0.8895628902765388,
                "recall": 0.978414442700157,
                "f1-score": 0.9318755256518082,
                "support": 5096
            },
            "1": {
                "precision": 0.8616352201257862,
                "recall": 0.5253067484662577,
                "f1-score": 0.6526917579799906,
                "support": 1304
            },
            "accuracy": 0.88609375,
            "macro avg": {
                "precision": 0.8755990552011625,
                "recall": 0.7518605955832074,
                "f1-score": 0.7922836418158994,
                "support": 6400
            },
            "weighted avg": {
                "precision": 0.8838726274833228,
                "recall": 0.88609375,
                "f1-score": 0.8749918329886753,
                "support": 6400
            },
            "roc_auc": 0.8928803927776867,
            "score": 0.88609375
        },
        "val": {
            "0": {
                "precision": 0.8760683760683761,
                "recall": 0.9654631083202512,
                "f1-score": 0.9185959671396565,
                "support": 1274
            },
            "1": {
                "precision": 0.7755102040816326,
                "recall": 0.4662576687116564,
                "f1-score": 0.582375478927203,
                "support": 326
            },
            "accuracy": 0.86375,
            "macro avg": {
                "precision": 0.8257892900750043,
                "recall": 0.7158603885159538,
                "f1-score": 0.7504857230334298,
                "support": 1600
            },
            "weighted avg": {
                "precision": 0.8555796485260772,
                "recall": 0.86375,
                "f1-score": 0.8500910426663691,
                "support": 1600
            },
            "roc_auc": 0.8410879217189472,
            "score": 0.86375
        },
        "test": {
            "0": {
                "precision": 0.8651685393258427,
                "recall": 0.9667294413057125,
                "f1-score": 0.9131337088645123,
                "support": 1593
            },
            "1": {
                "precision": 0.759090909090909,
                "recall": 0.4103194103194103,
                "f1-score": 0.532695374800638,
                "support": 407
            },
            "accuracy": 0.8535,
            "macro avg": {
                "precision": 0.8121297242083758,
                "recall": 0.6885244258125613,
                "f1-score": 0.7229145418325751,
                "support": 2000
            },
            "weighted avg": {
                "precision": 0.8435817415730337,
                "recall": 0.8535,
                "f1-score": 0.8357145078825139,
                "support": 2000
            },
            "roc_auc": 0.8333479858903587,
            "score": 0.8535
        }
    }
}