{
    "config": {
        "output": "results/TabNet/churn/141",
        "dataset": "churn",
        "normalization": "quantile",
        "model": "TabNet",
        "seed": 141,
        "early_stop": 16
    },
    "final": 0.846,
    "best": 0.8505,
    "losses": "[0.403863405585289, 0.36227627485990527, 0.3572128999233246, 0.3570041024684906, 0.3517983877658844, 0.3491585272550583, 0.34776196837425233, 0.34660887241363525, 0.3424710220098495, 0.3421312454342842, 0.34092670857906343, 0.33768106639385226, 0.3343335404992104, 0.33531552106142043, 0.33217954099178315, 0.3296868923306465, 0.32804575383663176, 0.3278852450847626, 0.3260734051465988, 0.32039653301239013, 0.32136837393045425, 0.3205003070831299, 0.3181188043951988, 0.3164894938468933]",
    "val_score": "[0.79625, 0.7975, 0.853125, 0.85, 0.855625, 0.855625, 0.85375, 0.85625, 0.855, 0.84875, 0.8525, 0.851875, 0.85125, 0.85, 0.850625, 0.85, 0.849375, 0.85, 0.85, 0.84875, 0.84875, 0.849375, 0.85, 0.84875]",
    "test_score": "[0.7965, 0.8, 0.843, 0.8415, 0.8485, 0.845, 0.847, 0.846, 0.8505, 0.8495, 0.849, 0.848, 0.846, 0.8445, 0.8415, 0.8425, 0.842, 0.844, 0.8425, 0.8425, 0.843, 0.8435, 0.844, 0.8445]",
    "cfg": {
        "model": {
            "batch_momentum": 0.95,
            "d_embedding": 128,
            "feature_dim": 64,
            "num_decision_steps": 3,
            "relaxation_factor": 1.333,
            "virtual_batch_size": 128,
            "output_dim": 64
        },
        "training": {
            "display_steps": 100,
            "epochs": 50000,
            "grad_thresh": 2000.0,
            "patience": 16,
            "schedule": {
                "decay_rate": 0.5,
                "decay_steps": 500,
                "learning_rate": 0.005
            },
            "sparsity_loss_weight": 0.001
        }
    }
}