{
    "config": {
        "output": "results/XGBoost/otto/53",
        "dataset": "otto",
        "normalization": "__none__",
        "model": "XGBoost",
        "seed": 53
    },
    "final": 0.8243374272786037,
    "train_score": 0.955001136334941,
    "test_score": 0.8214321785678215,
    "cfg": {
        "eval_score": 0.8299935358758889,
        "n_trial": 42,
        "dataset": "otto",
        "normalization": "__none__",
        "fit": {
            "early_stopping_rounds": 50,
            "verbose": false,
            "eval_metric": "merror"
        },
        "model": {
            "alpha": 0.07821973678710424,
            "booster": "gbtree",
            "colsample_bylevel": 0.7139106765101877,
            "colsample_bytree": 0.926646049675929,
            "gamma": 4.02187324452987e-06,
            "lambda": 1.0718309350284456,
            "learning_rate": 0.04495002695661424,
            "max_depth": 9,
            "min_child_weight": 8.041072486091907e-05,
            "n_estimators": 2000,
            "n_jobs": -1,
            "subsample": 0.8926105051049484,
            "tree_method": "gpu_hist"
        }
    },
    "metric": {
        "train": {
            "0": {
                "precision": 0.9724080267558528,
                "recall": 0.9417004048582996,
                "f1-score": 0.9568078979843685,
                "support": 1235
            },
            "1": {
                "precision": 0.9005371530886302,
                "recall": 0.9748982360922659,
                "f1-score": 0.9362434847356663,
                "support": 10318
            },
            "2": {
                "precision": 0.9284328519077387,
                "recall": 0.840882467786021,
                "f1-score": 0.8824915479971315,
                "support": 5122
            },
            "3": {
                "precision": 0.975609756097561,
                "recall": 0.8362369337979094,
                "f1-score": 0.9005628517823641,
                "support": 1722
            },
            "4": {
                "precision": 0.9982876712328768,
                "recall": 0.9977181973759269,
                "f1-score": 0.998002853067047,
                "support": 1753
            },
            "5": {
                "precision": 0.9935755427558707,
                "recall": 0.991598496573071,
                "f1-score": 0.9925860351886688,
                "support": 9046
            },
            "6": {
                "precision": 0.9654586636466591,
                "recall": 0.9383599339570721,
                "f1-score": 0.9517164387384873,
                "support": 1817
            },
            "7": {
                "precision": 0.9823269513991163,
                "recall": 0.9850470740262137,
                "f1-score": 0.9836851322702552,
                "support": 5417
            },
            "8": {
                "precision": 0.9834500318268619,
                "recall": 0.9744560075685903,
                "f1-score": 0.9789323617931253,
                "support": 3171
            },
            "accuracy": 0.955001136334941,
            "macro avg": {
                "precision": 0.9666762943012408,
                "recall": 0.9423219724483745,
                "f1-score": 0.9534476226174573,
                "support": 39601
            },
            "weighted avg": {
                "precision": 0.9560366029146287,
                "recall": 0.955001136334941,
                "f1-score": 0.9546028356558893,
                "support": 39601
            },
            "score": 0.955001136334941
        },
        "val": {
            "0": {
                "precision": 0.7323232323232324,
                "recall": 0.4707792207792208,
                "f1-score": 0.5731225296442688,
                "support": 308
            },
            "1": {
                "precision": 0.7378832838773491,
                "recall": 0.8674418604651163,
                "f1-score": 0.7974345269909139,
                "support": 2580
            },
            "2": {
                "precision": 0.6502835538752363,
                "recall": 0.537080405932865,
                "f1-score": 0.5882855921333903,
                "support": 1281
            },
            "3": {
                "precision": 0.8241758241758241,
                "recall": 0.5220417633410673,
                "f1-score": 0.6392045454545455,
                "support": 431
            },
            "4": {
                "precision": 0.9767981438515081,
                "recall": 0.9611872146118722,
                "f1-score": 0.9689298043728424,
                "support": 438
            },
            "5": {
                "precision": 0.9422991566799822,
                "recall": 0.9385499557913352,
                "f1-score": 0.940420819490587,
                "support": 2262
            },
            "6": {
                "precision": 0.7547169811320755,
                "recall": 0.7048458149779736,
                "f1-score": 0.7289293849658315,
                "support": 454
            },
            "7": {
                "precision": 0.903271692745377,
                "recall": 0.9379615952732644,
                "f1-score": 0.9202898550724637,
                "support": 1354
            },
            "8": {
                "precision": 0.8521212121212122,
                "recall": 0.8865069356872636,
                "f1-score": 0.8689740420271942,
                "support": 793
            },
            "accuracy": 0.8214321785678215,
            "macro avg": {
                "precision": 0.8193192311979776,
                "recall": 0.7584883074288865,
                "f1-score": 0.7806212333502263,
                "support": 9901
            },
            "weighted avg": {
                "precision": 0.8199423515537299,
                "recall": 0.8214321785678215,
                "f1-score": 0.816151882562767,
                "support": 9901
            },
            "score": 0.8214321785678215
        },
        "test": {
            "0": {
                "precision": 0.8016877637130801,
                "recall": 0.49222797927461137,
                "f1-score": 0.6099518459069021,
                "support": 386
            },
            "1": {
                "precision": 0.7431534166445094,
                "recall": 0.8669354838709677,
                "f1-score": 0.800286327845383,
                "support": 3224
            },
            "2": {
                "precision": 0.641566265060241,
                "recall": 0.5321673953778888,
                "f1-score": 0.5817685216797541,
                "support": 1601
            },
            "3": {
                "precision": 0.7797101449275362,
                "recall": 0.5,
                "f1-score": 0.6092865232163079,
                "support": 538
            },
            "4": {
                "precision": 0.9796296296296296,
                "recall": 0.9653284671532847,
                "f1-score": 0.9724264705882353,
                "support": 548
            },
            "5": {
                "precision": 0.944385779655051,
                "recall": 0.9490626105412098,
                "f1-score": 0.9467184191954833,
                "support": 2827
            },
            "6": {
                "precision": 0.7683168316831683,
                "recall": 0.6830985915492958,
                "f1-score": 0.7232059645852749,
                "support": 568
            },
            "7": {
                "precision": 0.905436013590034,
                "recall": 0.9444772593030124,
                "f1-score": 0.924544666088465,
                "support": 1693
            },
            "8": {
                "precision": 0.8518518518518519,
                "recall": 0.905146316851665,
                "f1-score": 0.8776908023483366,
                "support": 991
            },
            "accuracy": 0.8243374272786037,