{
    "config": {
        "output": "results/XGBoost/otto/119",
        "dataset": "otto",
        "normalization": "__none__",
        "model": "XGBoost",
        "seed": 119
    },
    "final": 0.8260342598577892,
    "train_score": 0.9636372818868211,
    "test_score": 0.8238561761438239,
    "cfg": {
        "eval_score": 0.8299935358758889,
        "n_trial": 42,
        "dataset": "otto",
        "normalization": "__none__",
        "fit": {
            "early_stopping_rounds": 50,
            "verbose": false,
            "eval_metric": "merror"
        },
        "model": {
            "alpha": 0.07821973678710424,
            "booster": "gbtree",
            "colsample_bylevel": 0.7139106765101877,
            "colsample_bytree": 0.926646049675929,
            "gamma": 4.02187324452987e-06,
            "lambda": 1.0718309350284456,
            "learning_rate": 0.04495002695661424,
            "max_depth": 9,
            "min_child_weight": 8.041072486091907e-05,
            "n_estimators": 2000,
            "n_jobs": -1,
            "subsample": 0.8926105051049484,
            "tree_method": "gpu_hist"
        }
    },
    "metric": {
        "train": {
            "0": {
                "precision": 0.9809602649006622,
                "recall": 0.9595141700404858,
                "f1-score": 0.9701187065083913,
                "support": 1235
            },
            "1": {
                "precision": 0.9157446036640667,
                "recall": 0.9785811203721652,
                "f1-score": 0.9461206896551725,
                "support": 10318
            },
            "2": {
                "precision": 0.9419122323510706,
                "recall": 0.8674345958609918,
                "f1-score": 0.9031405630653522,
                "support": 5122
            },
            "3": {
                "precision": 0.9828155981493721,
                "recall": 0.8635307781649245,
                "f1-score": 0.9193199381761978,
                "support": 1722
            },
            "4": {
                "precision": 0.9994288977727013,
                "recall": 0.9982886480319453,
                "f1-score": 0.9988584474885844,
                "support": 1753
            },
            "5": {
                "precision": 0.9959048146098506,
                "recall": 0.994693787309308,
                "f1-score": 0.9952989325811625,
                "support": 9046
            },
            "6": {
                "precision": 0.9708193041526375,
                "recall": 0.9521188772702256,
                "f1-score": 0.9613781606001667,
                "support": 1817
            },
            "7": {
                "precision": 0.987467747880575,
                "recall": 0.9891083625623038,
                "f1-score": 0.988287374342894,
                "support": 5417
            },
            "8": {
                "precision": 0.9904549793191219,
                "recall": 0.9817092399873857,
                "f1-score": 0.986062717770035,
                "support": 3171
            },
            "accuracy": 0.9636372818868211,
            "macro avg": {
                "precision": 0.9739453825333398,
                "recall": 0.9538866199555263,
                "f1-score": 0.9631761700208842,
                "support": 39601
            },
            "weighted avg": {
                "precision": 0.9644150318922544,
                "recall": 0.9636372818868211,
                "f1-score": 0.9633791944953791,
                "support": 39601
            },
            "score": 0.9636372818868211
        },
        "val": {
            "0": {
                "precision": 0.7487179487179487,
                "recall": 0.474025974025974,
                "f1-score": 0.5805168986083499,
                "support": 308
            },
            "1": {
                "precision": 0.7409000661813369,
                "recall": 0.8678294573643411,
                "f1-score": 0.7993573723670119,
                "support": 2580
            },
            "2": {
                "precision": 0.6544600938967137,
                "recall": 0.5441061670569868,
                "f1-score": 0.5942028985507247,
                "support": 1281
            },
            "3": {
                "precision": 0.8290909090909091,
                "recall": 0.5290023201856149,
                "f1-score": 0.6458923512747875,
                "support": 431
            },
            "4": {
                "precision": 0.9791183294663574,
                "recall": 0.9634703196347032,
                "f1-score": 0.9712313003452243,
                "support": 438
            },
            "5": {
                "precision": 0.9460543914400357,
                "recall": 0.9381078691423519,
                "f1-score": 0.9420643729189789,
                "support": 2262
            },
            "6": {
                "precision": 0.75,
                "recall": 0.7070484581497798,
                "f1-score": 0.7278911564625851,
                "support": 454
            },
            "7": {
                "precision": 0.9005641748942173,
                "recall": 0.9431314623338257,
                "f1-score": 0.9213564213564214,
                "support": 1354
            },
            "8": {
                "precision": 0.8555825242718447,
                "recall": 0.8890290037831021,
                "f1-score": 0.8719851576994434,
                "support": 793
            },
            "accuracy": 0.8238561761438239,
            "macro avg": {
                "precision": 0.8227209375510404,
                "recall": 0.7617501146307423,
                "f1-score": 0.7838331032870585,
                "support": 9901
            },
            "weighted avg": {
                "precision": 0.8226440316484008,
                "recall": 0.8238561761438239,
                "f1-score": 0.8187563955783638,
                "support": 9901
            },
            "score": 0.8238561761438239
        },
        "test": {
            "0": {
                "precision": 0.782608695652174,
                "recall": 0.5129533678756477,
                "f1-score": 0.6197183098591551,
                "support": 386
            },
            "1": {
                "precision": 0.7459344174886697,
                "recall": 0.8678660049627791,
                "f1-score": 0.8022939068100358,
                "support": 3224
            },
            "2": {
                "precision": 0.6385362210604929,
                "recall": 0.5340412242348532,
                "f1-score": 0.5816326530612246,
                "support": 1601
            },
            "3": {
                "precision": 0.7873563218390804,
                "recall": 0.5092936802973977,
                "f1-score": 0.618510158013544,
                "support": 538
            },
            "4": {
                "precision": 0.983271375464684,
                "recall": 0.9653284671532847,
                "f1-score": 0.9742173112338858,
                "support": 548
            },
            "5": {
                "precision": 0.9450123369756785,
                "recall": 0.9483551467987266,
                "f1-score": 0.946680790960452,
                "support": 2827
            },
            "6": {
                "precision": 0.788,
                "recall": 0.6936619718309859,
                "f1-score": 0.7378277153558053,
                "support": 568
            },
            "7": {
                "precision": 0.9077973819009676,
                "recall": 0.9421145894861194,
                "f1-score": 0.9246376811594204,
                "support": 1693
            },
            "8": {
                "precision": 0.8537511870845205,
                "recall": 0.9071644803229062,
                "f1-score": 0.8796477495107633,
                "support": 991
            },
            "accuracy": 0.8260342598577892,
            "macro avg": {
                "precision": 0.825807548607363,