{
    "normalization": "quantile",
    "model": {
        "d_layers": [
            245,
            67,
            67,
            67,
            67,
            210
        ],
        "dropout": 0.009685943619629035
    },
    "training": {
        "eval_batch_size": 8192,
        "lr": 0.0006934187693034226,
        "lr_n_decays": 0,
        "optimizer": "adamw",
        "patience": 16,
        "weight_decay": 0
    }
}