{
    "normalization": "quantile",
    "model": {
        "d_layers": [
            748,
            809,
            597
        ],
        "dropout": 0.3959280449895429
    },
    "training": {
        "batch_size": 1024,
        "eval_batch_size": 8192,
        "lr": 6.574524116695787e-05,
        "optimizer": "adamw",
        "patience": 16,
        "weight_decay": 0.0001695914325686643
    }
}