{
    "config": {
        "output": "results/XGBoost/otto/64",
        "dataset": "otto",
        "normalization": "__none__",
        "model": "XGBoost",
        "seed": 64
    },
    "final": 0.8258726567550096,
    "train_score": 0.9641675715259715,
    "test_score": 0.8228461771538228,
    "cfg": {
        "eval_score": 0.8299935358758889,
        "n_trial": 42,
        "dataset": "otto",
        "normalization": "__none__",
        "fit": {
            "early_stopping_rounds": 50,
            "verbose": false,
            "eval_metric": "merror"
        },
        "model": {
            "alpha": 0.07821973678710424,
            "booster": "gbtree",
            "colsample_bylevel": 0.7139106765101877,
            "colsample_bytree": 0.926646049675929,
            "gamma": 4.02187324452987e-06,
            "lambda": 1.0718309350284456,
            "learning_rate": 0.04495002695661424,
            "max_depth": 9,
            "min_child_weight": 8.041072486091907e-05,
            "n_estimators": 2000,
            "n_jobs": -1,
            "subsample": 0.8926105051049484,
            "tree_method": "gpu_hist"
        }
    },
    "metric": {
        "train": {
            "0": {
                "precision": 0.9826158940397351,
                "recall": 0.9611336032388664,
                "f1-score": 0.9717560376586165,
                "support": 1235
            },
            "1": {
                "precision": 0.9169389978213508,
                "recall": 0.9789687924016283,
                "f1-score": 0.9469391581513078,
                "support": 10318
            },
            "2": {
                "precision": 0.9432323660241474,
                "recall": 0.8693869582194456,
                "f1-score": 0.9048054454942598,
                "support": 5122
            },
            "3": {
                "precision": 0.9822718319107026,
                "recall": 0.8687572590011614,
                "f1-score": 0.9220338983050849,
                "support": 1722
            },
            "4": {
                "precision": 0.9988597491448119,
                "recall": 0.9994295493439818,
                "f1-score": 0.9991445680068435,
                "support": 1753
            },
            "5": {
                "precision": 0.9963455149501661,
                "recall": 0.9945832412115853,
                "f1-score": 0.9954635981411817,
                "support": 9046
            },
            "6": {
                "precision": 0.9674523007856342,
                "recall": 0.9488167308750688,
                "f1-score": 0.9580439010836344,
                "support": 1817
            },
            "7": {
                "precision": 0.9878318584070797,
                "recall": 0.9891083625623038,
                "f1-score": 0.9884696983673092,
                "support": 5417
            },
            "8": {
                "precision": 0.9907731466751512,
                "recall": 0.9820245979186376,
                "f1-score": 0.9863794741843522,
                "support": 3171
            },
            "accuracy": 0.9641675715259715,
            "macro avg": {
                "precision": 0.9740357399731976,
                "recall": 0.9546898994191866,
                "f1-score": 0.9636706421547322,
                "support": 39601
            },
            "weighted avg": {
                "precision": 0.9649212344663338,
                "recall": 0.9641675715259715,
                "f1-score": 0.9639244559097226,
                "support": 39601
            },
            "score": 0.9641675715259715
        },
        "val": {
            "0": {
                "precision": 0.7373737373737373,
                "recall": 0.474025974025974,
                "f1-score": 0.5770750988142292,
                "support": 308
            },
            "1": {
                "precision": 0.7392880685563612,
                "recall": 0.8693798449612403,
                "f1-score": 0.7990737442109013,
                "support": 2580
            },
            "2": {
                "precision": 0.6516314779270633,
                "recall": 0.5300546448087432,
                "f1-score": 0.584588893671976,
                "support": 1281
            },
            "3": {
                "precision": 0.8181818181818182,
                "recall": 0.54292343387471,
                "f1-score": 0.6527196652719665,
                "support": 431
            },
            "4": {
                "precision": 0.9768518518518519,
                "recall": 0.9634703196347032,
                "f1-score": 0.9701149425287355,
                "support": 438
            },
            "5": {
                "precision": 0.9444444444444444,
                "recall": 0.9394341290893015,
                "f1-score": 0.9419326241134751,
                "support": 2262
            },
            "6": {
                "precision": 0.7654028436018957,
                "recall": 0.711453744493392,
                "f1-score": 0.7374429223744292,
                "support": 454
            },
            "7": {
                "precision": 0.9018492176386913,
                "recall": 0.9364844903988183,
                "f1-score": 0.918840579710145,
                "support": 1354
            },
            "8": {
                "precision": 0.8507821901323707,
                "recall": 0.8915510718789408,
                "f1-score": 0.8706896551724139,
                "support": 793
            },
            "accuracy": 0.8228461771538228,
            "macro avg": {
                "precision": 0.8206450721898038,
                "recall": 0.7620864059073136,
                "f1-score": 0.7836086806520302,
                "support": 9901
            },
            "weighted avg": {
                "precision": 0.821059697782539,
                "recall": 0.8228461771538228,
                "f1-score": 0.8175394412518376,
                "support": 9901
            },
            "score": 0.8228461771538228
        },
        "test": {
            "0": {
                "precision": 0.7851239669421488,
                "recall": 0.49222797927461137,
                "f1-score": 0.6050955414012739,
                "support": 386
            },
            "1": {
                "precision": 0.7479978643886812,
                "recall": 0.8691066997518611,
                "f1-score": 0.8040172166427546,
                "support": 3224
            },
            "2": {
                "precision": 0.6424831712789828,
                "recall": 0.5365396627108058,
                "f1-score": 0.5847515316541866,
                "support": 1601
            },
            "3": {
                "precision": 0.7931034482758621,
                "recall": 0.5130111524163569,
                "f1-score": 0.6230248306997742,
                "support": 538
            },
            "4": {
                "precision": 0.9813780260707635,
                "recall": 0.9616788321167883,
                "f1-score": 0.9714285714285714,
                "support": 548
            },
            "5": {
                "precision": 0.9463087248322147,
                "recall": 0.9476476830562434,
                "f1-score": 0.9469777306468716,
                "support": 2827
            },
            "6": {
                "precision": 0.767578125,
                "recall": 0.6919014084507042,
                "f1-score": 0.7277777777777779,
                "support": 568
            },
            "7": {
                "precision": 0.9037372593431483,
                "recall": 0.9427052569403426,
                "f1-score": 0.9228100607111882,
                "support": 1693
            },
            "8": {
                "precision": 0.8505203405865658,
                "recall": 0.9071644803229062,
                "f1-score": 0.8779296875,
                "support": 991
            },
            "accuracy": 0.8258726567550096,