{
    "config": {
        "output": "results/XGBoost/otto/97",
        "dataset": "otto",
        "normalization": "__none__",
        "model": "XGBoost",
        "seed": 97
    },
    "final": 0.8305591467356174,
    "train_score": 0.9823741824701396,
    "test_score": 0.8234521765478234,
    "cfg": {
        "eval_score": 0.8299935358758889,
        "n_trial": 42,
        "dataset": "otto",
        "normalization": "__none__",
        "fit": {
            "early_stopping_rounds": 50,
            "verbose": false,
            "eval_metric": "merror"
        },
        "model": {
            "alpha": 0.07821973678710424,
            "booster": "gbtree",
            "colsample_bylevel": 0.7139106765101877,
            "colsample_bytree": 0.926646049675929,
            "gamma": 4.02187324452987e-06,
            "lambda": 1.0718309350284456,
            "learning_rate": 0.04495002695661424,
            "max_depth": 9,
            "min_child_weight": 8.041072486091907e-05,
            "n_estimators": 2000,
            "n_jobs": -1,
            "subsample": 0.8926105051049484,
            "tree_method": "gpu_hist"
        }
    },
    "metric": {
        "train": {
            "0": {
                "precision": 0.9967506092607636,
                "recall": 0.9935222672064777,
                "f1-score": 0.9951338199513382,
                "support": 1235
            },
            "1": {
                "precision": 0.9535644211903205,
                "recall": 0.989145183175034,
                "f1-score": 0.971028971028971,
                "support": 10318
            },
            "2": {
                "precision": 0.9718743584479573,
                "recall": 0.9242483404919953,
                "f1-score": 0.9474632242569799,
                "support": 5122
            },
            "3": {
                "precision": 0.995679012345679,
                "recall": 0.9367015098722415,
                "f1-score": 0.9652902453620585,
                "support": 1722
            },
            "4": {
                "precision": 1.0,
                "recall": 1.0,
                "f1-score": 1.0,
                "support": 1753
            },
            "5": {
                "precision": 0.9993361363133436,
                "recall": 0.9984523546318815,
                "f1-score": 0.9988940499889405,
                "support": 9046
            },
            "6": {
                "precision": 0.9894853348090759,
                "recall": 0.9840396257567419,
                "f1-score": 0.9867549668874172,
                "support": 1817
            },
            "7": {
                "precision": 0.9964899316460373,
                "recall": 0.9957541074395422,
                "f1-score": 0.9961218836565097,
                "support": 5417
            },
            "8": {
                "precision": 0.9971563981042654,
                "recall": 0.9952696310312205,
                "f1-score": 0.9962121212121212,
                "support": 3171
            },
            "accuracy": 0.9823741824701396,
            "macro avg": {
                "precision": 0.9889262446797158,
                "recall": 0.9796814466227928,
                "f1-score": 0.9840999202604819,
                "support": 39601
            },
            "weighted avg": {
                "precision": 0.9826323290841714,
                "recall": 0.9823741824701396,
                "f1-score": 0.9823013019630789,
                "support": 39601
            },
            "score": 0.9823741824701396
        },
        "val": {
            "0": {
                "precision": 0.7263681592039801,
                "recall": 0.474025974025974,
                "f1-score": 0.5736738703339882,
                "support": 308
            },
            "1": {
                "precision": 0.7434188603798734,
                "recall": 0.8647286821705427,
                "f1-score": 0.7994982977960939,
                "support": 2580
            },
            "2": {
                "precision": 0.6491228070175439,
                "recall": 0.5487900078064013,
                "f1-score": 0.5947546531302876,
                "support": 1281
            },
            "3": {
                "precision": 0.8201438848920863,
                "recall": 0.5290023201856149,
                "f1-score": 0.6431593794076164,
                "support": 431
            },
            "4": {
                "precision": 0.9790697674418605,
                "recall": 0.9611872146118722,
                "f1-score": 0.9700460829493087,
                "support": 438
            },
            "5": {
                "precision": 0.9449378330373002,
                "recall": 0.9407603890362511,
                "f1-score": 0.9428444838280904,
                "support": 2262
            },
            "6": {
                "precision": 0.7595238095238095,
                "recall": 0.7026431718061674,
                "f1-score": 0.7299771167048055,
                "support": 454
            },
            "7": {
                "precision": 0.9046941678520626,
                "recall": 0.9394387001477105,
                "f1-score": 0.9217391304347826,
                "support": 1354
            },
            "8": {
                "precision": 0.8493975903614458,
                "recall": 0.8890290037831021,
                "f1-score": 0.8687615526802218,
                "support": 793
            },
            "accuracy": 0.8234521765478234,
            "macro avg": {
                "precision": 0.819630764412218,
                "recall": 0.7610672737304041,
                "f1-score": 0.7827171741405773,
                "support": 9901
            },
            "weighted avg": {
                "precision": 0.82177399468891,
                "recall": 0.8234521765478234,
                "f1-score": 0.8185482552449653,
                "support": 9901
            },
            "score": 0.8234521765478234
        },
        "test": {
            "0": {
                "precision": 0.77734375,
                "recall": 0.5155440414507773,
                "f1-score": 0.6199376947040499,
                "support": 386
            },
            "1": {
                "precision": 0.7565381504448638,
                "recall": 0.8703473945409429,
                "f1-score": 0.8094619933650656,
                "support": 3224
            },
            "2": {
                "precision": 0.6461988304093568,
                "recall": 0.5521549031855091,
                "f1-score": 0.595486695857191,
                "support": 1601
            },
            "3": {
                "precision": 0.7843137254901961,
                "recall": 0.5204460966542751,
                "f1-score": 0.6256983240223464,
                "support": 538
            },
            "4": {
                "precision": 0.9833024118738405,
                "recall": 0.9671532846715328,
                "f1-score": 0.9751609935602576,
                "support": 548
            },
            "5": {
                "precision": 0.9464033850493653,
                "recall": 0.9494163424124513,
                "f1-score": 0.9479074695391135,
                "support": 2827
            },
            "6": {
                "precision": 0.7900990099009901,
                "recall": 0.7024647887323944,
                "f1-score": 0.7437092264678472,
                "support": 568
            },
            "7": {
                "precision": 0.9088319088319088,
                "recall": 0.9421145894861194,
                "f1-score": 0.9251740139211136,
                "support": 1693
            },
            "8": {
                "precision": 0.8582302568981922,
                "recall": 0.9101917255297679,
                "f1-score": 0.8834476003917727,
                "support": 991
            },
            "accuracy": 0.8305591467356174,
            "macro avg": {
                "precision": 0.8279179365443016,