{
    "config": {
        "output": "results/TabNet/churn/152",
        "dataset": "churn",
        "normalization": "quantile",
        "model": "TabNet",
        "seed": 152,
        "early_stop": 16
    },
    "final": 0.8565,
    "best": 0.8595,
    "losses": "[0.41909682512283325, 0.3707713735103607, 0.3597604995965958, 0.350651376247406, 0.3392527437210083, 0.33748181879520417, 0.33241902709007265, 0.33040749609470366, 0.3287332046031952, 0.3253723961114883, 0.3264440640807152, 0.3218072149157524, 0.3196154335141182, 0.31739589154720305, 0.3162830555438995, 0.3139568692445755, 0.3116203600168228, 0.30759560704231265, 0.3070815667510033, 0.3042923051118851, 0.3025823068618774, 0.3006213021278381, 0.2971854656934738, 0.29579620897769926, 0.2952531546354294]",
    "val_score": "[0.79625, 0.798125, 0.84875, 0.86125, 0.854375, 0.860625, 0.85875, 0.858125, 0.864375, 0.86125, 0.85875, 0.853125, 0.8625, 0.86, 0.859375, 0.86125, 0.858125, 0.859375, 0.859375, 0.85875, 0.86, 0.859375, 0.863125, 0.8575, 0.856875]",
    "test_score": "[0.7965, 0.7965, 0.84, 0.858, 0.85, 0.8565, 0.8545, 0.857, 0.8565, 0.8535, 0.8515, 0.8565, 0.8565, 0.855, 0.853, 0.859, 0.855, 0.8505, 0.856, 0.855, 0.858, 0.8575, 0.857, 0.8595, 0.8555]",
    "cfg": {
        "model": {
            "batch_momentum": 0.95,
            "d_embedding": 128,
            "feature_dim": 64,
            "num_decision_steps": 3,
            "relaxation_factor": 1.333,
            "virtual_batch_size": 128,
            "output_dim": 64
        },
        "training": {
            "display_steps": 100,
            "epochs": 50000,
            "grad_thresh": 2000.0,
            "patience": 16,
            "schedule": {
                "decay_rate": 0.5,
                "decay_steps": 500,
                "learning_rate": 0.005
            },
            "sparsity_loss_weight": 0.001
        }
    }
}