{
    "config": {
        "output": "results/XGBoost/churn/152",
        "dataset": "churn",
        "normalization": "quantile",
        "model": "XGBoost",
        "seed": 152
    },
    "final": 0.853,
    "train_score": 0.878125,
    "test_score": 0.864375,
    "cfg": {
        "eval_score": 0.858,
        "n_trial": 51,
        "dataset": "churn",
        "normalization": "quantile",
        "fit": {
            "early_stopping_rounds": 50,
            "verbose": false,
            "eval_metric": "error"
        },
        "model": {
            "alpha": 0.9503299243972039,
            "booster": "gbtree",
            "colsample_bylevel": 0.6677906986372057,
            "colsample_bytree": 0.8212494035186699,
            "gamma": 6.530439605891802e-07,
            "lambda": 2.3562503251888525e-08,
            "learning_rate": 8.659258690380046e-05,
            "max_depth": 9,
            "min_child_weight": 2.882693797501982e-08,
            "n_estimators": 2000,
            "n_jobs": -1,
            "subsample": 0.7457707152364644,
            "tree_method": "gpu_hist"
        }
    },
    "metric": {
        "train": {
            "0": {
                "precision": 0.8760892296967584,
                "recall": 0.9864599686028257,
                "f1-score": 0.9280044304965848,
                "support": 5096
            },
            "1": {
                "precision": 0.8957703927492447,
                "recall": 0.45475460122699385,
                "f1-score": 0.6032553407934893,
                "support": 1304
            },
            "accuracy": 0.878125,
            "macro avg": {
                "precision": 0.8859298112230016,
                "recall": 0.7206072849149098,
                "f1-score": 0.765629885645037,
                "support": 6400
            },
            "weighted avg": {
                "precision": 0.8800992666687025,
                "recall": 0.878125,
                "f1-score": 0.861836803469579,
                "support": 6400
            },
            "roc_auc": 0.8955702355269621,
            "score": 0.878125
        },
        "val": {
            "0": {
                "precision": 0.8662508662508662,
                "recall": 0.9811616954474097,
                "f1-score": 0.9201324990798675,
                "support": 1274
            },
            "1": {
                "precision": 0.8471337579617835,
                "recall": 0.40797546012269936,
                "f1-score": 0.5507246376811593,
                "support": 326
            },
            "accuracy": 0.864375,
            "macro avg": {
                "precision": 0.8566923121063248,
                "recall": 0.6945685777850545,
                "f1-score": 0.7354285683805134,
                "support": 1600
            },
            "weighted avg": {
                "precision": 0.8623557554369655,
                "recall": 0.864375,
                "f1-score": 0.8448656473198807,
                "support": 1600
            },
            "roc_auc": 0.8479367915169844,
            "score": 0.864375
        },
        "test": {
            "0": {
                "precision": 0.8598337950138504,
                "recall": 0.9742623979912115,
                "f1-score": 0.9134785167745733,
                "support": 1593
            },
            "1": {
                "precision": 0.7897435897435897,
                "recall": 0.3783783783783784,
                "f1-score": 0.5116279069767442,
                "support": 407
            },
            "accuracy": 0.853,
            "macro avg": {
                "precision": 0.82478869237872,
                "recall": 0.676320388184795,
                "f1-score": 0.7125532118756588,
                "support": 2000
            },
            "weighted avg": {
                "precision": 0.8455704382413524,
                "recall": 0.853,
                "f1-score": 0.831701917680715,
                "support": 2000
            },
            "roc_auc": 0.8369525149186166,
            "score": 0.853
        }
    }
}