{
    "config": {
        "output": "results/TabNet/churn/119",
        "dataset": "churn",
        "normalization": "quantile",
        "model": "TabNet",
        "seed": 119,
        "early_stop": 16
    },
    "final": 0.832,
    "best": 0.8365,
    "losses": "[0.44113780081272125, 0.4108444106578827, 0.40766966342926025, 0.4005277419090271, 0.39966087400913236, 0.3971382519602776, 0.39571673154830933, 0.3942271500825882, 0.39402165889739993, 0.39062280595302584, 0.3888601315021515, 0.3904764199256897, 0.3865720948576927, 0.3853183335065842, 0.3853260976076126, 0.38261424243450165, 0.3811833369731903, 0.37840641140937803, 0.3778891345858574, 0.37770424962043764, 0.3737290292978287, 0.3735894548892975, 0.3741684448719025]",
    "val_score": "[0.79625, 0.78625, 0.834375, 0.838125, 0.8375, 0.835625, 0.84, 0.838125, 0.835625, 0.835, 0.8325, 0.831875, 0.833125, 0.8325, 0.83375, 0.8375, 0.835625, 0.83375, 0.83625, 0.833125, 0.835, 0.836875, 0.8325]",
    "test_score": "[0.7965, 0.786, 0.834, 0.8305, 0.8335, 0.8325, 0.832, 0.8335, 0.8355, 0.8325, 0.832, 0.8325, 0.83, 0.8315, 0.832, 0.832, 0.836, 0.832, 0.832, 0.8365, 0.8345, 0.834, 0.8335]",
    "cfg": {
        "model": {
            "batch_momentum": 0.95,
            "d_embedding": 128,
            "feature_dim": 64,
            "num_decision_steps": 3,
            "relaxation_factor": 1.333,
            "virtual_batch_size": 128,
            "output_dim": 64
        },
        "training": {
            "display_steps": 100,
            "epochs": 50000,
            "grad_thresh": 2000.0,
            "patience": 16,
            "schedule": {
                "decay_rate": 0.5,
                "decay_steps": 500,
                "learning_rate": 0.005
            },
            "sparsity_loss_weight": 0.001
        }
    }
}