{
    "config": {
        "output": "results/TabNet/fb-comments/119",
        "dataset": "fb-comments",
        "normalization": "quantile",
        "model": "TabNet",
        "seed": 119,
        "early_stop": 16
    },
    "final": -7.9627434649306,
    "best": -7.9627434649306,
    "losses": "[0.4600075670554266, 0.4042563041696301, 0.3893090420729154, 0.3790613107576773, 0.37177667965169076, 0.366657786990528, 0.3609644342455771, 0.3565403853434247, 0.35576126569664324, 0.3528442168487357, 0.3521764584175952, 0.3510931226146686, 0.3502054348007425, 0.34938337407135345, 0.3494894371984841, 0.3490970798514106, 0.3476699334266898, 0.3481051709938359, 0.34877295114777307, 0.3482750928537412, 0.3479148093852904, 0.3485680184290781, 0.34771948786718504, 0.34877345188484565, 0.3485391579761908, 0.3481670446790658, 0.34788076361859, 0.34757579809853006]",
    "val_score": "[-8.227905385847368, -8.130255474377085, -7.953778737692542, -7.965617774661428, -7.913966587704534, -7.895637713112817, -7.860666253602503, -7.829228324567148, -7.824922236058671, -7.816713795622023, -7.809907661939676, -7.800682698665066, -7.805953045288316, -7.809182724678985, -7.812366610418316, -7.808061830314055, -7.811798887454499, -7.815937189340532, -7.812310181970317, -7.819033925826393, -7.817468451749529, -7.8196646744199985, -7.818183735618756, -7.822173156212494, -7.822588824432686, -7.820598744907997, -7.818512135961832, -7.815150591734155]",
    "test_score": "[-8.40466000145124, -8.259353938979046, -8.1481087344561, -8.119845429144268, -8.084848106433412, -8.034844061432146, -8.01040691573503, -7.986732012406899, -7.983210715180674, -7.971696434947677, -7.9683964955833675, -7.9627434649306, -7.965500715781835, -7.966997195721786, -7.966120538082125, -7.965050911932928, -7.9672802275497725, -7.968531952737199, -7.965819688800694, -7.969666483636611, -7.969460308735819, -7.97101537284964, -7.970536382416698, -7.972372076855781, -7.972064760726092, -7.970127424488455, -7.96938521281262, -7.9680615310012275]",
    "cfg": {
        "model": {
            "batch_momentum": 0.95,
            "d_embedding": 128,
            "feature_dim": 64,
            "num_decision_steps": 3,
            "relaxation_factor": 1.333,
            "virtual_batch_size": 128,
            "output_dim": 64
        },
        "training": {
            "display_steps": 100,
            "epochs": 50000,
            "grad_thresh": 2000.0,
            "patience": 16,
            "schedule": {
                "decay_rate": 0.5,
                "decay_steps": 500,
                "learning_rate": 0.005
            },
            "sparsity_loss_weight": 0.001
        }
    }
}