{
    "config": {
        "output": "results/XGBoost/adult/141",
        "dataset": "adult",
        "normalization": "quantile",
        "model": "XGBoost",
        "seed": 141
    },
    "final": 0.8416559179411585,
    "train_score": 0.8493934275184275,
    "test_score": 0.8387839705204975,
    "cfg": {
        "normalization": "quantile",
        "fit": {
            "early_stopping_rounds": 50,
            "verbose": false,
            "eval_metric": "error"
        },
        "model": {
            "alpha": 0,
            "booster": "gbtree",
            "colsample_bylevel": 0.617272713203309,
            "colsample_bytree": 0.5411307302074724,
            "gamma": 0,
            "lambda": 2.936612875585434e-08,
            "learning_rate": 0.0279777241489622,
            "max_depth": 10,
            "min_child_weight": 4.058438699016036,
            "n_estimators": 2000,
            "n_jobs": -1,
            "subsample": 0.9532294000425751,
            "tree_method": "gpu_hist"
        }
    },
    "metric": {
        "train": {
            "0": {
                "precision": 0.8540922087205146,
                "recall": 0.9667762326169406,
                "f1-score": 0.9069475082426053,
                "support": 19775
            },
            "1": {
                "precision": 0.8206877729257642,
                "recall": 0.4793559700302885,
                "f1-score": 0.6052128408976553,
                "support": 6273
            },
            "accuracy": 0.8493934275184275,
            "macro avg": {
                "precision": 0.8373899908231395,
                "recall": 0.7230661013236146,
                "f1-score": 0.7560801745701302,
                "support": 26048
            },
            "weighted avg": {
                "precision": 0.8460475977814609,
                "recall": 0.8493934275184275,
                "f1-score": 0.8342823681836806,
                "support": 26048
            },
            "roc_auc": 0.8839684655789073,
            "score": 0.8493934275184275
        },
        "val": {
            "0": {
                "precision": 0.8459761947059868,
                "recall": 0.9629929221435793,
                "f1-score": 0.9006998297711366,
                "support": 4945
            },
            "1": {
                "precision": 0.7929864253393665,
                "recall": 0.44706632653061223,
                "f1-score": 0.5717781402936378,
                "support": 1568
            },
            "accuracy": 0.8387839705204975,
            "macro avg": {
                "precision": 0.8194813100226767,
                "recall": 0.7050296243370958,
                "f1-score": 0.7362389850323872,
                "support": 6513
            },
            "weighted avg": {
                "precision": 0.833218946376974,
                "recall": 0.8387839705204975,
                "f1-score": 0.8215121729155066,
                "support": 6513
            },
            "roc_auc": 0.8678541765543426,
            "score": 0.8387839705204975
        },
        "test": {
            "0": {
                "precision": 0.8502096212605699,
                "recall": 0.9622034579815039,
                "f1-score": 0.9027463407273276,
                "support": 12435
            },
            "1": {
                "precision": 0.7871376811594203,
                "recall": 0.45189807592303693,
                "f1-score": 0.5741658407664354,
                "support": 3846
            },
            "accuracy": 0.8416559179411585,
            "macro avg": {
                "precision": 0.818673651209995,
                "recall": 0.7070507669522704,
                "f1-score": 0.7384560907468816,
                "support": 16281
            },
            "weighted avg": {
                "precision": 0.8353103717286602,
                "recall": 0.8416559179411585,
                "f1-score": 0.8251269928463871,
                "support": 16281
            },
            "roc_auc": 0.8657409062747713,
            "score": 0.8416559179411585
        }
    }
}