{
    "config": {
        "output": "results/TabNet/churn/42",
        "dataset": "churn",
        "normalization": "quantile",
        "model": "TabNet",
        "seed": 42,
        "early_stop": 16
    },
    "final": 0.8605,
    "best": 0.863,
    "losses": "[0.4002943879365921, 0.3661116740107536, 0.35809035181999205, 0.3505051493644714, 0.3475702574849129, 0.3431946739554405, 0.3414676782488823, 0.3405562606453896, 0.3378836345672607, 0.3348734101653099, 0.3327364158630371, 0.3301874303817749, 0.328333702981472, 0.32699732631444933, 0.3276049593091011, 0.3248956397175789, 0.3241631332039833, 0.32353016078472135, 0.32102022916078565, 0.3201222357153892, 0.3193807929754257, 0.3200616851449013, 0.31656664848327637, 0.31709650963544844, 0.3167565965652466, 0.31664772659540175, 0.3167673847079277, 0.3146608281135559, 0.3143963426351547, 0.3107150626182556, 0.3129002723097801, 0.3125903755426407, 0.312014162838459, 0.3109681415557861, 0.3106219244003296, 0.3093459215760231, 0.3096013405919075]",
    "val_score": "[0.79625, 0.795625, 0.856875, 0.8475, 0.86, 0.86125, 0.860625, 0.864375, 0.86125, 0.86, 0.86, 0.8625, 0.863125, 0.865, 0.86625, 0.863125, 0.865625, 0.86125, 0.864375, 0.86625, 0.8675, 0.865625, 0.865, 0.86375, 0.865, 0.864375, 0.866875, 0.866875, 0.865, 0.864375, 0.864375, 0.864375, 0.864375, 0.865625, 0.863125, 0.863125, 0.86375]",
    "test_score": "[0.7965, 0.792, 0.847, 0.845, 0.85, 0.853, 0.8535, 0.855, 0.855, 0.8525, 0.854, 0.8545, 0.858, 0.8545, 0.8555, 0.852, 0.8545, 0.854, 0.857, 0.856, 0.8605, 0.8605, 0.8595, 0.8595, 0.861, 0.861, 0.86, 0.859, 0.861, 0.8615, 0.863, 0.862, 0.8625, 0.8585, 0.862, 0.862, 0.8605]",
    "cfg": {
        "model": {
            "batch_momentum": 0.95,
            "d_embedding": 128,
            "feature_dim": 64,
            "num_decision_steps": 3,
            "relaxation_factor": 1.333,
            "virtual_batch_size": 128,
            "output_dim": 64
        },
        "training": {
            "display_steps": 100,
            "epochs": 50000,
            "grad_thresh": 2000.0,
            "patience": 16,
            "schedule": {
                "decay_rate": 0.5,
                "decay_steps": 500,
                "learning_rate": 0.005
            },
            "sparsity_loss_weight": 0.001
        }
    }
}