{
    "config": {
        "output": "results/XGBoost/adult/130",
        "dataset": "adult",
        "normalization": "quantile",
        "model": "XGBoost",
        "seed": 130
    },
    "final": 0.8395675941281248,
    "train_score": 0.8439419533169533,
    "test_score": 0.8381698142177184,
    "cfg": {
        "normalization": "quantile",
        "fit": {
            "early_stopping_rounds": 50,
            "verbose": false,
            "eval_metric": "error"
        },
        "model": {
            "alpha": 0,
            "booster": "gbtree",
            "colsample_bylevel": 0.617272713203309,
            "colsample_bytree": 0.5411307302074724,
            "gamma": 0,
            "lambda": 2.936612875585434e-08,
            "learning_rate": 0.0279777241489622,
            "max_depth": 10,
            "min_child_weight": 4.058438699016036,
            "n_estimators": 2000,
            "n_jobs": -1,
            "subsample": 0.9532294000425751,
            "tree_method": "gpu_hist"
        }
    },
    "metric": {
        "train": {
            "0": {
                "precision": 0.8449714536671058,
                "recall": 0.9729456384323641,
                "f1-score": 0.9044541074156777,
                "support": 19775
            },
            "1": {
                "precision": 0.8367907260524711,
                "recall": 0.43727084329666827,
                "f1-score": 0.5743901162181971,
                "support": 6273
            },
            "accuracy": 0.8439419533169533,
            "macro avg": {
                "precision": 0.8408810898597885,
                "recall": 0.7051082408645162,
                "f1-score": 0.7394221118169374,
                "support": 26048
            },
            "weighted avg": {
                "precision": 0.8430013329543217,
                "recall": 0.8439419533169533,
                "f1-score": 0.82496656838075,
                "support": 26048
            },
            "roc_auc": 0.8792467507184182,
            "score": 0.8439419533169533
        },
        "val": {
            "0": {
                "precision": 0.8403008570928808,
                "recall": 0.9714863498483316,
                "f1-score": 0.9011442506096417,
                "support": 4945
            },
            "1": {
                "precision": 0.8228643216080402,
                "recall": 0.4177295918367347,
                "f1-score": 0.5541455160744501,
                "support": 1568
            },
            "accuracy": 0.8381698142177184,
            "macro avg": {
                "precision": 0.8315825893504605,
                "recall": 0.6946079708425331,
                "f1-score": 0.7276448833420459,
                "support": 6513
            },
            "weighted avg": {
                "precision": 0.8361030238915558,
                "recall": 0.8381698142177184,
                "f1-score": 0.8176045583401528,
                "support": 6513
            },
            "roc_auc": 0.8660084268793462,
            "score": 0.8381698142177184
        },
        "test": {
            "0": {
                "precision": 0.8431975403535742,
                "recall": 0.9704061117812626,
                "f1-score": 0.9023405369027144,
                "support": 12435
            },
            "1": {
                "precision": 0.8131979695431472,
                "recall": 0.4165366614664587,
                "f1-score": 0.5508940852819807,
                "support": 3846
            },
            "accuracy": 0.8395675941281248,
            "macro avg": {
                "precision": 0.8281977549483607,
                "recall": 0.6934713866238607,
                "f1-score": 0.7266173110923475,
                "support": 16281
            },
            "weighted avg": {
                "precision": 0.8361108534586106,
                "recall": 0.8395675941281248,
                "f1-score": 0.8193196504133501,
                "support": 16281
            },
            "roc_auc": 0.8638624853397835,
            "score": 0.8395675941281248
        }
    }
}