{
    "config": {
        "output": "results/XGBoost/churn/20",
        "dataset": "churn",
        "normalization": "quantile",
        "model": "XGBoost",
        "seed": 20
    },
    "final": 0.851,
    "train_score": 0.87984375,
    "test_score": 0.865,
    "cfg": {
        "eval_score": 0.858,
        "n_trial": 51,
        "dataset": "churn",
        "normalization": "quantile",
        "fit": {
            "early_stopping_rounds": 50,
            "verbose": false,
            "eval_metric": "error"
        },
        "model": {
            "alpha": 0.9503299243972039,
            "booster": "gbtree",
            "colsample_bylevel": 0.6677906986372057,
            "colsample_bytree": 0.8212494035186699,
            "gamma": 6.530439605891802e-07,
            "lambda": 2.3562503251888525e-08,
            "learning_rate": 8.659258690380046e-05,
            "max_depth": 9,
            "min_child_weight": 2.882693797501982e-08,
            "n_estimators": 2000,
            "n_jobs": -1,
            "subsample": 0.7457707152364644,
            "tree_method": "gpu_hist"
        }
    },
    "metric": {
        "train": {
            "0": {
                "precision": 0.8761954442705616,
                "recall": 0.9888147566718996,
                "f1-score": 0.9291048216096616,
                "support": 5096
            },
            "1": {
                "precision": 0.9121725731895224,
                "recall": 0.4539877300613497,
                "f1-score": 0.6062467997951869,
                "support": 1304
            },
            "accuracy": 0.87984375,
            "macro avg": {
                "precision": 0.894184008730042,
                "recall": 0.7214012433666246,
                "f1-score": 0.7676758107024242,
                "support": 6400
            },
            "weighted avg": {
                "precision": 0.8835257842877999,
                "recall": 0.87984375,
                "f1-score": 0.8633224996649623,
                "support": 6400
            },
            "roc_auc": 0.897523304095116,
            "score": 0.87984375
        },
        "val": {
            "0": {
                "precision": 0.8688981868898187,
                "recall": 0.978021978021978,
                "f1-score": 0.9202363367799115,
                "support": 1274
            },
            "1": {
                "precision": 0.8313253012048193,
                "recall": 0.4233128834355828,
                "f1-score": 0.5609756097560976,
                "support": 326
            },
            "accuracy": 0.865,
            "macro avg": {
                "precision": 0.8501117440473189,
                "recall": 0.7006674307287803,
                "f1-score": 0.7406059732680046,
                "support": 1600
            },
            "weighted avg": {
                "precision": 0.8612427114315001,
                "recall": 0.865,
                "f1-score": 0.8470369636488094,
                "support": 1600
            },
            "roc_auc": 0.8474347738151419,
            "score": 0.865
        },
        "test": {
            "0": {
                "precision": 0.8575372722252899,
                "recall": 0.9748901443816698,
                "f1-score": 0.9124559341950647,
                "support": 1593
            },
            "1": {
                "precision": 0.7883597883597884,
                "recall": 0.36609336609336607,
                "f1-score": 0.5,
                "support": 407
            },
            "accuracy": 0.851,
            "macro avg": {
                "precision": 0.8229485302925391,
                "recall": 0.6704917552375179,
                "f1-score": 0.7062279670975323,
                "support": 2000
            },
            "weighted avg": {
                "precision": 0.8434596542586603,
                "recall": 0.851,
                "f1-score": 0.828521151586369,
                "support": 2000
            },
            "roc_auc": 0.838980737285822,
            "score": 0.851
        }
    }
}