{
    "config": {
        "output": "results/XGBoost/eye/64",
        "dataset": "eye",
        "normalization": "standard",
        "model": "XGBoost",
        "seed": 64
    },
    "final": 0.7106946983546618,
    "train_score": 1.0,
    "test_score": 0.7228571428571429,
    "cfg": {
        "eval_score": 0.7271480804387569,
        "n_trial": 76,
        "dataset": "eye",
        "normalization": "standard",
        "fit": {
            "early_stopping_rounds": 50,
            "verbose": false,
            "eval_metric": "merror"
        },
        "model": {
            "alpha": 1.7219516828475235e-05,
            "booster": "gbtree",
            "colsample_bylevel": 0.7937211539694414,
            "colsample_bytree": 0.7778197410720242,
            "gamma": 0.003222331189784788,
            "lambda": 0.00010306969781197298,
            "learning_rate": 0.3196841643060323,
            "max_depth": 8,
            "min_child_weight": 0.23378758034955577,
            "n_estimators": 2000,
            "n_jobs": -1,
            "subsample": 0.9354016750999191,
            "tree_method": "gpu_hist"
        }
    },
    "metric": {
        "train": {
            "0": {
                "precision": 1.0,
                "recall": 1.0,
                "f1-score": 1.0,
                "support": 2434
            },
            "1": {
                "precision": 1.0,
                "recall": 1.0,
                "f1-score": 1.0,
                "support": 2727
            },
            "2": {
                "precision": 1.0,
                "recall": 1.0,
                "f1-score": 1.0,
                "support": 1837
            },
            "accuracy": 1.0,
            "macro avg": {
                "precision": 1.0,
                "recall": 1.0,
                "f1-score": 1.0,
                "support": 6998
            },
            "weighted avg": {
                "precision": 1.0,
                "recall": 1.0,
                "f1-score": 1.0,
                "support": 6998
            },
            "score": 1.0
        },
        "val": {
            "0": {
                "precision": 0.687797147385103,
                "recall": 0.7126436781609196,
                "f1-score": 0.7000000000000001,
                "support": 609
            },
            "1": {
                "precision": 0.6822695035460993,
                "recall": 0.7052785923753666,
                "f1-score": 0.6935832732516222,
                "support": 682
            },
            "2": {
                "precision": 0.8454106280193237,
                "recall": 0.7625272331154684,
                "f1-score": 0.8018327605956472,
                "support": 459
            },
            "accuracy": 0.7228571428571429,
            "macro avg": {
                "precision": 0.7384924263168419,
                "recall": 0.7268165012172515,
                "f1-score": 0.7318053446157565,
                "support": 1750
            },
            "weighted avg": {
                "precision": 0.7269827099639068,
                "recall": 0.7228571428571429,
                "f1-score": 0.7242085882691477,
                "support": 1750
            },
            "score": 0.7228571428571429
        },
        "test": {
            "0": {
                "precision": 0.6866666666666666,
                "recall": 0.6767411300919842,
                "f1-score": 0.6816677696889477,
                "support": 761
            },
            "1": {
                "precision": 0.6742081447963801,
                "recall": 0.6987104337631888,
                "f1-score": 0.6862406447898676,
                "support": 853
            },
            "2": {
                "precision": 0.8014440433212996,
                "recall": 0.7735191637630662,
                "f1-score": 0.7872340425531915,
                "support": 574
            },
            "accuracy": 0.7106946983546618,
            "macro avg": {
                "precision": 0.7207729515947822,
                "recall": 0.7163235758727464,
                "f1-score": 0.7183808190106689,
                "support": 2188
            },
            "weighted avg": {
                "precision": 0.7119203664127383,
                "recall": 0.7106946983546618,
                "f1-score": 0.711144782067906,
                "support": 2188
            },
            "score": 0.7106946983546618
        }
    }
}