{
    "config": {
        "output": "results/XGBoost/eye/86",
        "dataset": "eye",
        "normalization": "standard",
        "model": "XGBoost",
        "seed": 86
    },
    "final": 0.7079524680073126,
    "train_score": 1.0,
    "test_score": 0.7182857142857143,
    "cfg": {
        "eval_score": 0.7271480804387569,
        "n_trial": 76,
        "dataset": "eye",
        "normalization": "standard",
        "fit": {
            "early_stopping_rounds": 50,
            "verbose": false,
            "eval_metric": "merror"
        },
        "model": {
            "alpha": 1.7219516828475235e-05,
            "booster": "gbtree",
            "colsample_bylevel": 0.7937211539694414,
            "colsample_bytree": 0.7778197410720242,
            "gamma": 0.003222331189784788,
            "lambda": 0.00010306969781197298,
            "learning_rate": 0.3196841643060323,
            "max_depth": 8,
            "min_child_weight": 0.23378758034955577,
            "n_estimators": 2000,
            "n_jobs": -1,
            "subsample": 0.9354016750999191,
            "tree_method": "gpu_hist"
        }
    },
    "metric": {
        "train": {
            "0": {
                "precision": 1.0,
                "recall": 1.0,
                "f1-score": 1.0,
                "support": 2434
            },
            "1": {
                "precision": 1.0,
                "recall": 1.0,
                "f1-score": 1.0,
                "support": 2727
            },
            "2": {
                "precision": 1.0,
                "recall": 1.0,
                "f1-score": 1.0,
                "support": 1837
            },
            "accuracy": 1.0,
            "macro avg": {
                "precision": 1.0,
                "recall": 1.0,
                "f1-score": 1.0,
                "support": 6998
            },
            "weighted avg": {
                "precision": 1.0,
                "recall": 1.0,
                "f1-score": 1.0,
                "support": 6998
            },
            "score": 1.0
        },
        "val": {
            "0": {
                "precision": 0.669683257918552,
                "recall": 0.729064039408867,
                "f1-score": 0.6981132075471698,
                "support": 609
            },
            "1": {
                "precision": 0.6935483870967742,
                "recall": 0.6935483870967742,
                "f1-score": 0.6935483870967742,
                "support": 682
            },
            "2": {
                "precision": 0.8395061728395061,
                "recall": 0.7407407407407407,
                "f1-score": 0.7870370370370371,
                "support": 459
            },
            "accuracy": 0.7182857142857143,
            "macro avg": {
                "precision": 0.7342459392849442,
                "recall": 0.7211177224154607,
                "f1-score": 0.7262328772269937,
                "support": 1750
            },
            "weighted avg": {
                "precision": 0.7235259642318466,
                "recall": 0.7182857142857143,
                "f1-score": 0.7196576819407008,
                "support": 1750
            },
            "score": 0.7182857142857143
        },
        "test": {
            "0": {
                "precision": 0.6963064295485636,
                "recall": 0.668856767411301,
                "f1-score": 0.6823056300268097,
                "support": 761
            },
            "1": {
                "precision": 0.6725274725274726,
                "recall": 0.7174677608440797,
                "f1-score": 0.6942711287577993,
                "support": 853
            },
            "2": {
                "precision": 0.7824497257769653,
                "recall": 0.7456445993031359,
                "f1-score": 0.7636039250669046,
                "support": 574
            },
            "accuracy": 0.7079524680073126,
            "macro avg": {
                "precision": 0.7170945426176671,
                "recall": 0.7106563758528388,
                "f1-score": 0.7133935612838379,
                "support": 2188
            },
            "weighted avg": {
                "precision": 0.7096349495193643,
                "recall": 0.7079524680073126,
                "f1-score": 0.7082982222436967,
                "support": 2188
            },
            "score": 0.7079524680073126
        }
    }
}