{
    "config": {
        "output": "results/TabNet/eye/86",
        "dataset": "eye",
        "normalization": "standard",
        "model": "TabNet",
        "seed": 86,
        "early_stop": 16
    },
    "final": 0.6101462522851919,
    "best": 0.6256855575868373,
    "losses": "[1.0092444224791093, 0.8849445689808239, 0.8443926919590343, 0.8112517140128396, 0.7895105708729137, 0.7622852802276612, 0.7325946417721835, 0.7066693902015686, 0.6755680647763339, 0.6505371841517362, 0.6193722985007546, 0.5949570341543717, 0.5596655921502547, 0.5318721213124015, 0.5054165000265295, 0.47963616739619863, 0.4540295763449235, 0.4356428921222687, 0.41362926255572924, 0.39122109629891133, 0.3747963152148507, 0.3561365170912309, 0.3410245656967163, 0.3262340402061289, 0.30871892950751567, 0.2970661423423073, 0.28454554920846764, 0.27161314541643317]",
    "val_score": "[0.48, 0.5377142857142857, 0.5748571428571428, 0.5794285714285714, 0.5851428571428572, 0.5868571428571429, 0.592, 0.6005714285714285, 0.6062857142857143, 0.6205714285714286, 0.6274285714285714, 0.6377142857142857, 0.6337142857142857, 0.6291428571428571, 0.6337142857142857, 0.6297142857142857, 0.6302857142857143, 0.6194285714285714, 0.6274285714285714, 0.6268571428571429, 0.6171428571428571, 0.6125714285714285, 0.624, 0.6177142857142857, 0.6108571428571429, 0.6131428571428571, 0.6211428571428571, 0.6205714285714286]",
    "test_score": "[0.4840036563071298, 0.5411334552102377, 0.56672760511883, 0.5690127970749543, 0.5758683729433273, 0.5818098720292505, 0.5863802559414991, 0.5872943327239488, 0.5863802559414991, 0.5904936014625228, 0.6019195612431444, 0.6101462522851919, 0.6028336380255942, 0.6183729433272395, 0.6115173674588665, 0.6142595978062158, 0.6051188299817185, 0.6124314442413162, 0.6192870201096892, 0.6160877513711152, 0.6151736745886655, 0.6074040219378428, 0.6192870201096892, 0.6256855575868373, 0.6151736745886655, 0.6211151736745887, 0.6147166361974405, 0.6206581352833638]",
    "cfg": {
        "model": {
            "batch_momentum": 0.95,
            "d_embedding": 128,
            "feature_dim": 64,
            "num_decision_steps": 3,
            "relaxation_factor": 1.333,
            "virtual_batch_size": 128,
            "output_dim": 64
        },
        "training": {
            "display_steps": 100,
            "epochs": 50000,
            "grad_thresh": 2000.0,
            "patience": 16,
            "schedule": {
                "decay_rate": 0.5,
                "decay_steps": 500,
                "learning_rate": 0.005
            },
            "sparsity_loss_weight": 0.001
        }
    }
}