{
    "config": {
        "output": "results/TabNet/churn/108",
        "dataset": "churn",
        "normalization": "quantile",
        "model": "TabNet",
        "seed": 108,
        "early_stop": 16
    },
    "final": 0.8535,
    "best": 0.854,
    "losses": "[0.4231197768449783, 0.36756926953792574, 0.35757751643657687, 0.3518195804953575, 0.3518840181827545, 0.34866640865802767, 0.347753466963768, 0.3459356331825256, 0.3461903020739555, 0.34195590794086456, 0.34195851504802705, 0.34156733602285383, 0.3381530150771141, 0.3362861436605453, 0.33707346856594084, 0.3343173334002495, 0.3339948883652687, 0.33177544087171557, 0.3324130433797836, 0.32826379746198653, 0.32788376569747923, 0.3259438461065292, 0.3238440814614296, 0.3204957100749016]",
    "val_score": "[0.79625, 0.8, 0.863125, 0.864375, 0.86125, 0.861875, 0.864375, 0.865, 0.863125, 0.861875, 0.86, 0.858125, 0.859375, 0.8625, 0.859375, 0.8625, 0.864375, 0.864375, 0.863125, 0.864375, 0.863125, 0.8625, 0.865, 0.863125]",
    "test_score": "[0.7965, 0.798, 0.851, 0.854, 0.852, 0.8535, 0.8515, 0.8535, 0.8485, 0.8485, 0.8495, 0.8505, 0.8495, 0.851, 0.8535, 0.852, 0.8495, 0.8515, 0.853, 0.852, 0.8535, 0.8525, 0.8535, 0.8515]",
    "cfg": {
        "model": {
            "batch_momentum": 0.95,
            "d_embedding": 128,
            "feature_dim": 64,
            "num_decision_steps": 3,
            "relaxation_factor": 1.333,
            "virtual_batch_size": 128,
            "output_dim": 64
        },
        "training": {
            "display_steps": 100,
            "epochs": 50000,
            "grad_thresh": 2000.0,
            "patience": 16,
            "schedule": {
                "decay_rate": 0.5,
                "decay_steps": 500,
                "learning_rate": 0.005
            },
            "sparsity_loss_weight": 0.001
        }
    }
}