{
    "config": {
        "output": "results/XGBoost/otto/20",
        "dataset": "otto",
        "normalization": "__none__",
        "model": "XGBoost",
        "seed": 20
    },
    "final": 0.8208629605688429,
    "train_score": 0.9342440847453347,
    "test_score": 0.8183011816988183,
    "cfg": {
        "eval_score": 0.8299935358758889,
        "n_trial": 42,
        "dataset": "otto",
        "normalization": "__none__",
        "fit": {
            "early_stopping_rounds": 50,
            "verbose": false,
            "eval_metric": "merror"
        },
        "model": {
            "alpha": 0.07821973678710424,
            "booster": "gbtree",
            "colsample_bylevel": 0.7139106765101877,
            "colsample_bytree": 0.926646049675929,
            "gamma": 4.02187324452987e-06,
            "lambda": 1.0718309350284456,
            "learning_rate": 0.04495002695661424,
            "max_depth": 9,
            "min_child_weight": 8.041072486091907e-05,
            "n_estimators": 2000,
            "n_jobs": -1,
            "subsample": 0.8926105051049484,
            "tree_method": "gpu_hist"
        }
    },
    "metric": {
        "train": {
            "0": {
                "precision": 0.9413793103448276,
                "recall": 0.8842105263157894,
                "f1-score": 0.9118997912317327,
                "support": 1235
            },
            "1": {
                "precision": 0.8671487063333043,
                "recall": 0.9647218453188603,
                "f1-score": 0.9133366977106941,
                "support": 10318
            },
            "2": {
                "precision": 0.8974700399467377,
                "recall": 0.789535337758688,
                "f1-score": 0.8400498545907769,
                "support": 5122
            },
            "3": {
                "precision": 0.9659173313995649,
                "recall": 0.7735191637630662,
                "f1-score": 0.8590777168655273,
                "support": 1722
            },
            "4": {
                "precision": 0.9971428571428571,
                "recall": 0.995436394751854,
                "f1-score": 0.9962888952326577,
                "support": 1753
            },
            "5": {
                "precision": 0.9858030168589175,
                "recall": 0.9825337165598055,
                "f1-score": 0.9841656516443362,
                "support": 9046
            },
            "6": {
                "precision": 0.9369266055045872,
                "recall": 0.899284534947716,
                "f1-score": 0.9177197416456051,
                "support": 1817
            },
            "7": {
                "precision": 0.9707344008834898,
                "recall": 0.9736016245154144,
                "f1-score": 0.9721658986175116,
                "support": 5417
            },
            "8": {
                "precision": 0.9680918953414167,
                "recall": 0.9567959634184799,
                "f1-score": 0.9624107850911975,
                "support": 3171
            },
            "accuracy": 0.9342440847453347,
            "macro avg": {
                "precision": 0.9478460181950781,
                "recall": 0.9132932341499639,
                "f1-score": 0.9285683369588933,
                "support": 39601
            },
            "weighted avg": {
                "precision": 0.9359926214108905,
                "recall": 0.9342440847453347,
                "f1-score": 0.9334828017936252,
                "support": 39601
            },
            "score": 0.9342440847453347
        },
        "val": {
            "0": {
                "precision": 0.7391304347826086,
                "recall": 0.44155844155844154,
                "f1-score": 0.5528455284552846,
                "support": 308
            },
            "1": {
                "precision": 0.7309694209499024,
                "recall": 0.8709302325581395,
                "f1-score": 0.7948355146798726,
                "support": 2580
            },
            "2": {
                "precision": 0.6497120921305183,
                "recall": 0.5284933645589384,
                "f1-score": 0.582866982350409,
                "support": 1281
            },
            "3": {
                "precision": 0.8484848484848485,
                "recall": 0.5197215777262181,
                "f1-score": 0.6446043165467625,
                "support": 431
            },
            "4": {
                "precision": 0.9813953488372092,
                "recall": 0.9634703196347032,
                "f1-score": 0.9723502304147464,
                "support": 438
            },
            "5": {
                "precision": 0.941541186891054,
                "recall": 0.9398762157382847,
                "f1-score": 0.94070796460177,
                "support": 2262
            },
            "6": {
                "precision": 0.7566909975669099,
                "recall": 0.6850220264317181,
                "f1-score": 0.7190751445086704,
                "support": 454
            },
            "7": {
                "precision": 0.8925795053003533,
                "recall": 0.9327917282127031,
                "f1-score": 0.9122426868905742,
                "support": 1354
            },
            "8": {
                "precision": 0.8456865127582017,
                "recall": 0.8776796973518285,
                "f1-score": 0.8613861386138614,
                "support": 793
            },
            "accuracy": 0.8183011816988183,
            "macro avg": {
                "precision": 0.8206878164112896,
                "recall": 0.7510604004189972,
                "f1-score": 0.7756571674513278,
                "support": 9901
            },
            "weighted avg": {
                "precision": 0.8174799045457557,
                "recall": 0.8183011816988183,
                "f1-score": 0.8124346888081261,
                "support": 9901
            },
            "score": 0.8183011816988183
        },
        "test": {
            "0": {
                "precision": 0.7899159663865546,
                "recall": 0.48704663212435234,
                "f1-score": 0.6025641025641025,
                "support": 386
            },
            "1": {
                "precision": 0.7394625922023182,
                "recall": 0.8706575682382134,
                "f1-score": 0.7997150997150997,
                "support": 3224
            },
            "2": {
                "precision": 0.6286149162861492,
                "recall": 0.5159275452841974,
                "f1-score": 0.5667238421955403,
                "support": 1601
            },
            "3": {
                "precision": 0.7909090909090909,
                "recall": 0.4851301115241636,
                "f1-score": 0.6013824884792627,
                "support": 538
            },
            "4": {
                "precision": 0.9832089552238806,
                "recall": 0.9616788321167883,
                "f1-score": 0.9723247232472325,
                "support": 548
            },
            "5": {
                "precision": 0.9402670414617006,
                "recall": 0.9465864874425186,
                "f1-score": 0.9434161819143311,
                "support": 2827
            },
            "6": {
                "precision": 0.7692307692307693,
                "recall": 0.6866197183098591,
                "f1-score": 0.7255813953488371,
                "support": 568
            },
            "7": {
                "precision": 0.9023836549375709,
                "recall": 0.9391612522150029,
                "f1-score": 0.9204052098408103,
                "support": 1693
            },
            "8": {
                "precision": 0.8538681948424068,
                "recall": 0.9021190716448032,
                "f1-score": 0.8773307163886163,
                "support": 991
            },
            "accuracy": 0.8208629605688429,