{
    "config": {
        "output": "results/TabNet/churn/130",
        "dataset": "churn",
        "normalization": "quantile",
        "model": "TabNet",
        "seed": 130,
        "early_stop": 16
    },
    "final": 0.853,
    "best": 0.8575,
    "losses": "[0.3939631649851799, 0.3532244831323624, 0.3470289006829262, 0.34051256865262985, 0.3409457179903984, 0.3392838203907013, 0.33830195397138596, 0.33412530303001403, 0.33181710600852965, 0.3311265450716019, 0.33058236867189406, 0.3272075283527374, 0.3269252750277519, 0.32359672397375105, 0.32169640481472017, 0.32126547425985336, 0.3188374415040016, 0.315825292468071, 0.316114709675312, 0.312906978726387, 0.31039617359638216, 0.30728314906358717, 0.3058465081453323, 0.3046653029322624, 0.3040401646494865, 0.30176135212183, 0.29927616894245146, 0.29684920132160186, 0.2948874828219414, 0.29394095242023466, 0.2920888936519623, 0.29142195254564285, 0.288941430747509]",
    "val_score": "[0.79625, 0.81, 0.864375, 0.86125, 0.864375, 0.859375, 0.86375, 0.864375, 0.864375, 0.86625, 0.865625, 0.86625, 0.865625, 0.864375, 0.86625, 0.863125, 0.86875, 0.86875, 0.866875, 0.868125, 0.868125, 0.868125, 0.864375, 0.865, 0.863125, 0.861875, 0.863125, 0.863125, 0.8625, 0.863125, 0.864375, 0.86375, 0.8625]",
    "test_score": "[0.7965, 0.808, 0.854, 0.855, 0.854, 0.852, 0.8535, 0.8555, 0.8545, 0.855, 0.8555, 0.8555, 0.856, 0.8565, 0.8555, 0.855, 0.853, 0.856, 0.8565, 0.8575, 0.8545, 0.8555, 0.8555, 0.8555, 0.8555, 0.856, 0.854, 0.854, 0.856, 0.855, 0.856, 0.856, 0.8545]",
    "cfg": {
        "model": {
            "batch_momentum": 0.95,
            "d_embedding": 128,
            "feature_dim": 64,
            "num_decision_steps": 3,
            "relaxation_factor": 1.333,
            "virtual_batch_size": 128,
            "output_dim": 64
        },
        "training": {
            "display_steps": 100,
            "epochs": 50000,
            "grad_thresh": 2000.0,
            "patience": 16,
            "schedule": {
                "decay_rate": 0.5,
                "decay_steps": 500,
                "learning_rate": 0.005
            },
            "sparsity_loss_weight": 0.001
        }
    }
}