{
    "config": {
        "output": "results/XGBoost/otto/141",
        "dataset": "otto",
        "normalization": "__none__",
        "model": "XGBoost",
        "seed": 141
    },
    "final": 0.8270038784744667,
    "train_score": 0.9681321178758112,
    "test_score": 0.8242601757398242,
    "cfg": {
        "eval_score": 0.8299935358758889,
        "n_trial": 42,
        "dataset": "otto",
        "normalization": "__none__",
        "fit": {
            "early_stopping_rounds": 50,
            "verbose": false,
            "eval_metric": "merror"
        },
        "model": {
            "alpha": 0.07821973678710424,
            "booster": "gbtree",
            "colsample_bylevel": 0.7139106765101877,
            "colsample_bytree": 0.926646049675929,
            "gamma": 4.02187324452987e-06,
            "lambda": 1.0718309350284456,
            "learning_rate": 0.04495002695661424,
            "max_depth": 9,
            "min_child_weight": 8.041072486091907e-05,
            "n_estimators": 2000,
            "n_jobs": -1,
            "subsample": 0.8926105051049484,
            "tree_method": "gpu_hist"
        }
    },
    "metric": {
        "train": {
            "0": {
                "precision": 0.9884488448844885,
                "recall": 0.9700404858299595,
                "f1-score": 0.9791581528402126,
                "support": 1235
            },
            "1": {
                "precision": 0.9240321402483564,
                "recall": 0.9808102345415778,
                "f1-score": 0.9515749882463564,
                "support": 10318
            },
            "2": {
                "precision": 0.9486207622657401,
                "recall": 0.8795392424834049,
                "f1-score": 0.9127747948536115,
                "support": 5122
            },
            "3": {
                "precision": 0.9869536855838226,
                "recall": 0.8786295005807201,
                "f1-score": 0.9296466973886329,
                "support": 1722
            },
            "4": {
                "precision": 0.9994295493439818,
                "recall": 0.9994295493439818,
                "f1-score": 0.9994295493439818,
                "support": 1753
            },
            "5": {
                "precision": 0.9971245299712453,
                "recall": 0.9966836170683175,
                "f1-score": 0.9969040247678019,
                "support": 9046
            },
            "6": {
                "precision": 0.9731543624161074,
                "recall": 0.9576224545954871,
                "f1-score": 0.9653259361997225,
                "support": 1817
            },
            "7": {
                "precision": 0.9902268117278259,
                "recall": 0.9913236108547167,
                "f1-score": 0.9907749077490774,
                "support": 5417
            },
            "8": {
                "precision": 0.992378532867577,
                "recall": 0.9854935351624093,
                "f1-score": 0.9889240506329114,
                "support": 3171
            },
            "accuracy": 0.9681321178758112,
            "macro avg": {
                "precision": 0.9778188021454606,
                "recall": 0.9599524700511749,
                "f1-score": 0.9682792335580344,
                "support": 39601
            },
            "weighted avg": {
                "precision": 0.9687727249033615,
                "recall": 0.9681321178758112,
                "f1-score": 0.9679198008531386,
                "support": 39601
            },
            "score": 0.9681321178758112
        },
        "val": {
            "0": {
                "precision": 0.7330097087378641,
                "recall": 0.4902597402597403,
                "f1-score": 0.5875486381322957,
                "support": 308
            },
            "1": {
                "precision": 0.7383548067393458,
                "recall": 0.8662790697674418,
                "f1-score": 0.7972177635098983,
                "support": 2580
            },
            "2": {
                "precision": 0.6524621212121212,
                "recall": 0.5378610460577674,
                "f1-score": 0.5896448438168592,
                "support": 1281
            },
            "3": {
                "precision": 0.8197879858657244,
                "recall": 0.5382830626450116,
                "f1-score": 0.649859943977591,
                "support": 431
            },
            "4": {
                "precision": 0.9790697674418605,
                "recall": 0.9611872146118722,
                "f1-score": 0.9700460829493087,
                "support": 438
            },
            "5": {
                "precision": 0.9467613132209406,
                "recall": 0.9434129089301503,
                "f1-score": 0.9450841452612931,
                "support": 2262
            },
            "6": {
                "precision": 0.7740384615384616,
                "recall": 0.7092511013215859,
                "f1-score": 0.7402298850574711,
                "support": 454
            },
            "7": {
                "precision": 0.9048970901348474,
                "recall": 0.9416543574593796,
                "f1-score": 0.9229098805646038,
                "support": 1354
            },
            "8": {
                "precision": 0.8560975609756097,
                "recall": 0.8852459016393442,
                "f1-score": 0.87042777433354,
                "support": 793
            },
            "accuracy": 0.8242601757398242,
            "macro avg": {
                "precision": 0.8227198684296417,
                "recall": 0.763714933632477,
                "f1-score": 0.7858854397336512,
                "support": 9901
            },
            "weighted avg": {
                "precision": 0.8227240810968219,
                "recall": 0.8242601757398242,
                "f1-score": 0.8192915446160921,
                "support": 9901
            },
            "score": 0.8242601757398242
        },
        "test": {
            "0": {
                "precision": 0.7795918367346939,
                "recall": 0.4948186528497409,
                "f1-score": 0.6053882725832013,
                "support": 386
            },
            "1": {
                "precision": 0.7502001601281025,
                "recall": 0.8718982630272953,
                "f1-score": 0.806484005164252,
                "support": 3224
            },
            "2": {
                "precision": 0.6470149253731343,
                "recall": 0.5415365396627108,
                "f1-score": 0.5895953757225433,
                "support": 1601
            },
            "3": {
                "precision": 0.7873563218390804,
                "recall": 0.5092936802973977,
                "f1-score": 0.618510158013544,
                "support": 538
            },
            "4": {
                "precision": 0.983271375464684,
                "recall": 0.9653284671532847,
                "f1-score": 0.9742173112338858,
                "support": 548
            },
            "5": {
                "precision": 0.9456598447424136,
                "recall": 0.948001414927485,
                "f1-score": 0.9468291821232998,
                "support": 2827
            },
            "6": {
                "precision": 0.7779960707269156,
                "recall": 0.6971830985915493,
                "f1-score": 0.7353760445682451,
                "support": 568
            },
            "7": {
                "precision": 0.9030612244897959,
                "recall": 0.9409332545776727,
                "f1-score": 0.9216083309227653,
                "support": 1693
            },
            "8": {
                "precision": 0.8506184586108468,
                "recall": 0.9021190716448032,
                "f1-score": 0.8756121449559255,
                "support": 991
            },
            "accuracy": 0.8270038784744667,