{
    "config": {
        "output": "results/TabNet/churn/163",
        "dataset": "churn",
        "normalization": "quantile",
        "model": "TabNet",
        "seed": 163,
        "early_stop": 16
    },
    "final": 0.8625,
    "best": 0.867,
    "losses": "[0.385306282043457, 0.3465658605098724, 0.3419624960422516, 0.3391251564025879, 0.3380068984627724, 0.33409128457307813, 0.33303201824426654, 0.3313537833094597, 0.32779454201459884, 0.3274529808759689, 0.32486530870199204, 0.32387095540761945, 0.32523661643266677, 0.3227044266462326, 0.31987220019102097, 0.3204276689887047, 0.3173938900232315, 0.31756691306829454, 0.31576886236667634, 0.3141059470176697, 0.3131469875574112, 0.3123950853943825, 0.3119197115302086, 0.3084299224615097, 0.3096228179335594, 0.3074697357416153, 0.30743385761976244, 0.30604383766651155, 0.30496958702802657]",
    "val_score": "[0.79625, 0.7875, 0.866875, 0.863125, 0.85625, 0.861875, 0.861875, 0.863125, 0.86625, 0.865, 0.865625, 0.865, 0.87, 0.86625, 0.865, 0.864375, 0.86625, 0.865, 0.86625, 0.865625, 0.865625, 0.868125, 0.8675, 0.8675, 0.865, 0.866875, 0.86625, 0.86875, 0.8675]",
    "test_score": "[0.7965, 0.789, 0.8545, 0.861, 0.8595, 0.861, 0.8625, 0.8595, 0.86, 0.86, 0.859, 0.8605, 0.8625, 0.8625, 0.8605, 0.8625, 0.8635, 0.8635, 0.864, 0.8645, 0.865, 0.864, 0.865, 0.8655, 0.867, 0.8665, 0.8665, 0.866, 0.8665]",
    "cfg": {
        "model": {
            "batch_momentum": 0.95,
            "d_embedding": 128,
            "feature_dim": 64,
            "num_decision_steps": 3,
            "relaxation_factor": 1.333,
            "virtual_batch_size": 128,
            "output_dim": 64
        },
        "training": {
            "display_steps": 100,
            "epochs": 50000,
            "grad_thresh": 2000.0,
            "patience": 16,
            "schedule": {
                "decay_rate": 0.5,
                "decay_steps": 500,
                "learning_rate": 0.005
            },
            "sparsity_loss_weight": 0.001
        }
    }
}