{
    "config": {
        "output": "results/TabNet/adult/42",
        "dataset": "adult",
        "normalization": "quantile",
        "model": "TabNet",
        "seed": 42,
        "early_stop": 16
    },
    "final": 0.8377249554695657,
    "best": 0.8398132792825993,
    "losses": "[0.4027124849649576, 0.3437271805909964, 0.3375387375171368, 0.33452027348371655, 0.3292337587246528, 0.32766297918099624, 0.32533902388352615, 0.3229499413416936, 0.32157989877920884, 0.3208229633478018, 0.31998900725291324, 0.3170064458480248, 0.3129579035135416, 0.3125045826801887, 0.3108774354824653, 0.3101428563778217, 0.3072675306063432, 0.30507879761549145, 0.3039181370001573, 0.30148877318088824, 0.30187525886755723, 0.29905954691079945, 0.2992565127519461, 0.29632166486520034, 0.2947862194134639]",
    "val_score": "[0.7592507293106096, 0.7592507293106096, 0.7592507293106096, 0.7592507293106096, 0.7592507293106096, 0.7598648856133886, 0.7948717948717948, 0.8171349608475357, 0.8380162751420236, 0.8352525717795178, 0.8369415016121603, 0.8378627360663289, 0.8354061108552127, 0.8361738062336864, 0.833256563795486, 0.8295716259788116, 0.8326424074927069, 0.8334101028711807, 0.8320282511899278, 0.8306463995086749, 0.8352525717795178, 0.8278826961461692, 0.8329494856440964, 0.8307999385843697, 0.8258866881621373]",
    "test_score": "[0.7637737239727289, 0.7637737239727289, 0.7637737239727289, 0.7637737239727289, 0.7637737239727289, 0.7640194091272035, 0.7959584792088938, 0.8232295313555679, 0.8377249554695657, 0.8393833302622689, 0.8390762238191757, 0.8398132792825993, 0.8391376451077943, 0.8375406916037098, 0.8372335851606166, 0.8326884098028376, 0.8328112523800749, 0.8340396781524476, 0.8296787666605245, 0.8318285117621768, 0.8357594742337694, 0.8336711504207358, 0.8350224187703458, 0.8363122658313371, 0.8328112523800749]",
    "cfg": {
        "normalization": "quantile",
        "model": {
            "batch_momentum": 0.95,
            "d_embedding": 169,
            "feature_dim": 32,
            "num_decision_steps": 5,
            "relaxation_factor": 1.613063457884132,
            "virtual_batch_size": 256,
            "output_dim": 32
        },
        "training": {
            "batch_size": 2048,
            "display_steps": 100,
            "epochs": 50000,
            "grad_thresh": 2000.0,
            "patience": 16,
            "schedule": {
                "decay_rate": 0.8962917207456913,
                "decay_steps": 500,
                "learning_rate": 0.009728281609720741
            },
            "sparsity_loss_weight": 0.001843742127649597
        }
    }
}