{
    "config": {
        "output": "results/TabNet/adult/97",
        "dataset": "adult",
        "normalization": "quantile",
        "model": "TabNet",
        "seed": 97,
        "early_stop": 16
    },
    "final": 0.8390762238191757,
    "best": 0.8390762238191757,
    "losses": "[0.4313201147776384, 0.3566457973076747, 0.3508808727447803, 0.3484736428811, 0.3446497550377479, 0.3426395585903755, 0.3424298419402196, 0.33900951651426464, 0.3372997435239645, 0.33651164174079895, 0.33527400401922375, 0.33223988918157726, 0.3295571804046631, 0.3281796139020186, 0.3268500451858227, 0.32648221116799575, 0.32188863249925465, 0.3220750620731941, 0.31991403377973116, 0.31620585459929246, 0.3164794467962705, 0.3127694588441115, 0.31341004142394435, 0.3106664533798511, 0.3107646634945503, 0.30813939984028155]",
    "val_score": "[0.7592507293106096, 0.7592507293106096, 0.7592507293106096, 0.7592507293106096, 0.7592507293106096, 0.7592507293106096, 0.7633962843543682, 0.8054659910947336, 0.8274220789190849, 0.8347919545524336, 0.8297251650545063, 0.8314140948871488, 0.826654383540611, 0.8291110087517273, 0.8301857822815907, 0.8278826961461692, 0.8235836020267158, 0.8251189927836634, 0.8212805158912944, 0.8258866881621373, 0.8234300629510211, 0.8234300629510211, 0.8185168125287886, 0.8185168125287886, 0.8255796100107478, 0.8197451251343467]",
    "test_score": "[0.7637737239727289, 0.7637737239727289, 0.7637737239727289, 0.7637737239727289, 0.7637737239727289, 0.7637737239727289, 0.766291996806093, 0.8100853755911799, 0.832626988514219, 0.8390762238191757, 0.8374792703150912, 0.837847798046803, 0.8341010994410663, 0.8353909465020576, 0.8332412014004054, 0.8317056691849395, 0.8315214053190836, 0.8301701369694736, 0.8299858731036177, 0.8297401879491432, 0.8328112523800749, 0.8291873963515755, 0.8293716602174314, 0.8305386647011854, 0.8299858731036177, 0.8293716602174314]",
    "cfg": {
        "normalization": "quantile",
        "model": {
            "batch_momentum": 0.95,
            "d_embedding": 169,
            "feature_dim": 32,
            "num_decision_steps": 5,
            "relaxation_factor": 1.613063457884132,
            "virtual_batch_size": 256,
            "output_dim": 32
        },
        "training": {
            "batch_size": 2048,
            "display_steps": 100,
            "epochs": 50000,
            "grad_thresh": 2000.0,
            "patience": 16,
            "schedule": {
                "decay_rate": 0.8962917207456913,
                "decay_steps": 500,
                "learning_rate": 0.009728281609720741
            },
            "sparsity_loss_weight": 0.001843742127649597
        }
    }
}