{
    "eval_score": 0.8299935358758889,
    "n_trial": 42,
    "dataset": "otto",
    "normalization": "__none__",
    "fit": {
        "early_stopping_rounds": 50,
        "verbose": false
    },
    "model": {
        "alpha": 0.07821973678710424,
        "booster": "gbtree",
        "colsample_bylevel": 0.7139106765101877,
        "colsample_bytree": 0.926646049675929,
        "gamma": 4.02187324452987e-06,
        "lambda": 1.0718309350284456,
        "learning_rate": 0.04495002695661424,
        "max_depth": 9,
        "min_child_weight": 8.041072486091907e-05,
        "n_estimators": 2000,
        "n_jobs": -1,
        "subsample": 0.8926105051049484,
        "tree_method": "gpu_hist"
    }
}