{
    "config": {
        "output": "results/XGBoost/adult/152",
        "dataset": "adult",
        "normalization": "quantile",
        "model": "XGBoost",
        "seed": 152
    },
    "final": 0.8375406916037098,
    "train_score": 0.8425214987714987,
    "test_score": 0.8374021188392445,
    "cfg": {
        "normalization": "quantile",
        "fit": {
            "early_stopping_rounds": 50,
            "verbose": false,
            "eval_metric": "error"
        },
        "model": {
            "alpha": 0,
            "booster": "gbtree",
            "colsample_bylevel": 0.617272713203309,
            "colsample_bytree": 0.5411307302074724,
            "gamma": 0,
            "lambda": 2.936612875585434e-08,
            "learning_rate": 0.0279777241489622,
            "max_depth": 10,
            "min_child_weight": 4.058438699016036,
            "n_estimators": 2000,
            "n_jobs": -1,
            "subsample": 0.9532294000425751,
            "tree_method": "gpu_hist"
        }
    },
    "metric": {
        "train": {
            "0": {
                "precision": 0.842789029351297,
                "recall": 0.9743109987357775,
                "f1-score": 0.9037902242236608,
                "support": 19775
            },
            "1": {
                "precision": 0.8406024474427362,
                "recall": 0.42706838833094213,
                "f1-score": 0.566384778012685,
                "support": 6273
            },
            "accuracy": 0.8425214987714987,
            "macro avg": {
                "precision": 0.8416957383970165,
                "recall": 0.7006896935333599,
                "f1-score": 0.735087501118173,
                "support": 26048
            },
            "weighted avg": {
                "precision": 0.8422624465690335,
                "recall": 0.8425214987714987,
                "f1-score": 0.8225346819908042,
                "support": 26048
            },
            "roc_auc": 0.8769343380204085,
            "score": 0.8425214987714987
        },
        "val": {
            "0": {
                "precision": 0.8383838383838383,
                "recall": 0.9735085945399393,
                "f1-score": 0.9009076448020961,
                "support": 4945
            },
            "1": {
                "precision": 0.8300907911802854,
                "recall": 0.40816326530612246,
                "f1-score": 0.5472424112868747,
                "support": 1568
            },
            "accuracy": 0.8374021188392445,
            "macro avg": {
                "precision": 0.8342373147820619,
                "recall": 0.6908359299230309,
                "f1-score": 0.7240750280444854,
                "support": 6513
            },
            "weighted avg": {
                "precision": 0.8363872933177903,
                "recall": 0.8374021188392445,
                "f1-score": 0.8157629977651136,
                "support": 6513
            },
            "roc_auc": 0.8634557298652524,
            "score": 0.8374021188392445
        },
        "test": {
            "0": {
                "precision": 0.8409724157146837,
                "recall": 0.9708886208283072,
                "f1-score": 0.9012728154977419,
                "support": 12435
            },
            "1": {
                "precision": 0.811948051948052,
                "recall": 0.40639625585023403,
                "f1-score": 0.541673886674753,
                "support": 3846
            },
            "accuracy": 0.8375406916037098,
            "macro avg": {
                "precision": 0.8264602338313678,
                "recall": 0.6886424383392706,
                "f1-score": 0.7214733510862474,
                "support": 16281
            },
            "weighted avg": {
                "precision": 0.8341160983480315,
                "recall": 0.8375406916037098,
                "f1-score": 0.8163260996784915,
                "support": 16281
            },
            "roc_auc": 0.8618791506786929,
            "score": 0.8375406916037098
        }
    }
}