{
    "config": {
        "output": "results/XGBoost/otto/174",
        "dataset": "otto",
        "normalization": "__none__",
        "model": "XGBoost",
        "seed": 174
    },
    "final": 0.8257110536522301,
    "train_score": 0.9634857705613494,
    "test_score": 0.8236541763458236,
    "cfg": {
        "eval_score": 0.8299935358758889,
        "n_trial": 42,
        "dataset": "otto",
        "normalization": "__none__",
        "fit": {
            "early_stopping_rounds": 50,
            "verbose": false,
            "eval_metric": "merror"
        },
        "model": {
            "alpha": 0.07821973678710424,
            "booster": "gbtree",
            "colsample_bylevel": 0.7139106765101877,
            "colsample_bytree": 0.926646049675929,
            "gamma": 4.02187324452987e-06,
            "lambda": 1.0718309350284456,
            "learning_rate": 0.04495002695661424,
            "max_depth": 9,
            "min_child_weight": 8.041072486091907e-05,
            "n_estimators": 2000,
            "n_jobs": -1,
            "subsample": 0.8926105051049484,
            "tree_method": "gpu_hist"
        }
    },
    "metric": {
        "train": {
            "0": {
                "precision": 0.9826014913007457,
                "recall": 0.9603238866396762,
                "f1-score": 0.9713349713349714,
                "support": 1235
            },
            "1": {
                "precision": 0.9156232988568318,
                "recall": 0.9780965303353363,
                "f1-score": 0.945829428303655,
                "support": 10318
            },
            "2": {
                "precision": 0.9408773045136681,
                "recall": 0.8668488871534556,
                "f1-score": 0.9023473224265827,
                "support": 5122
            },
            "3": {
                "precision": 0.9795918367346939,
                "recall": 0.8641114982578397,
                "f1-score": 0.9182351126195618,
                "support": 1722
            },
            "4": {
                "precision": 0.9988584474885844,
                "recall": 0.9982886480319453,
                "f1-score": 0.9985734664764622,
                "support": 1753
            },
            "5": {
                "precision": 0.9961244601926696,
                "recall": 0.9944726951138625,
                "f1-score": 0.9952978923493943,
                "support": 9046
            },
            "6": {
                "precision": 0.9691531127313516,
                "recall": 0.9510181618051734,
                "f1-score": 0.9600000000000001,
                "support": 1817
            },
            "7": {
                "precision": 0.9882027649769585,
                "recall": 0.9896621746354071,
                "f1-score": 0.9889319313779745,
                "support": 5417
            },
            "8": {
                "precision": 0.9907731466751512,
                "recall": 0.9820245979186376,
                "f1-score": 0.9863794741843522,
                "support": 3171
            },
            "accuracy": 0.9634857705613494,
            "macro avg": {
                "precision": 0.9735339848300728,
                "recall": 0.9538718977657038,
                "f1-score": 0.9629921776747727,
                "support": 39601
            },
            "weighted avg": {
                "precision": 0.964235062071859,
                "recall": 0.9634857705613494,
                "f1-score": 0.9632289130596343,
                "support": 39601
            },
            "score": 0.9634857705613494
        },
        "val": {
            "0": {
                "precision": 0.7357512953367875,
                "recall": 0.461038961038961,
                "f1-score": 0.5668662674650697,
                "support": 308
            },
            "1": {
                "precision": 0.7412309728656519,
                "recall": 0.8682170542635659,
                "f1-score": 0.799714387718672,
                "support": 2580
            },
            "2": {
                "precision": 0.6541705716963448,
                "recall": 0.5448868071818892,
                "f1-score": 0.5945485519591142,
                "support": 1281
            },
            "3": {
                "precision": 0.8424908424908425,
                "recall": 0.5336426914153132,
                "f1-score": 0.6534090909090909,
                "support": 431
            },
            "4": {
                "precision": 0.9768518518518519,
                "recall": 0.9634703196347032,
                "f1-score": 0.9701149425287355,
                "support": 438
            },
            "5": {
                "precision": 0.9461024498886415,
                "recall": 0.9389920424403183,
                "f1-score": 0.9425338362547149,
                "support": 2262
            },
            "6": {
                "precision": 0.7523364485981309,
                "recall": 0.7092511013215859,
                "f1-score": 0.7301587301587301,
                "support": 454
            },
            "7": {
                "precision": 0.901060070671378,
                "recall": 0.9416543574593796,
                "f1-score": 0.9209100758396532,
                "support": 1354
            },
            "8": {
                "precision": 0.8498789346246973,
                "recall": 0.8852459016393442,
                "f1-score": 0.8672019765287216,
                "support": 793
            },
            "accuracy": 0.8236541763458236,
            "macro avg": {
                "precision": 0.8222081597804807,
                "recall": 0.7607110262661178,
                "f1-score": 0.7828286510402781,
                "support": 9901
            },
            "weighted avg": {
                "precision": 0.8225015953623759,
                "recall": 0.8236541763458236,
                "f1-score": 0.8185144227791981,
                "support": 9901
            },
            "score": 0.8236541763458236
        },
        "test": {
            "0": {
                "precision": 0.7808764940239044,
                "recall": 0.5077720207253886,
                "f1-score": 0.6153846153846154,
                "support": 386
            },
            "1": {
                "precision": 0.7489293361884368,
                "recall": 0.8678660049627791,
                "f1-score": 0.804022988505747,
                "support": 3224
            },
            "2": {
                "precision": 0.6349557522123894,
                "recall": 0.537788881948782,
                "f1-score": 0.5823469732837336,
                "support": 1601
            },
            "3": {
                "precision": 0.7871720116618076,
                "recall": 0.5018587360594795,
                "f1-score": 0.6129398410896708,
                "support": 538
            },
            "4": {
                "precision": 0.9795918367346939,
                "recall": 0.9635036496350365,
                "f1-score": 0.97148114075437,
                "support": 548
            },
            "5": {
                "precision": 0.946661956905687,
                "recall": 0.948001414927485,
                "f1-score": 0.9473312124425591,
                "support": 2827
            },
            "6": {
                "precision": 0.7745098039215687,
                "recall": 0.6954225352112676,
                "f1-score": 0.7328385899814471,
                "support": 568
            },
            "7": {
                "precision": 0.9066059225512528,
                "recall": 0.9403425871234495,
                "f1-score": 0.9231661351116266,
                "support": 1693
            },
            "8": {
                "precision": 0.8529411764705882,
                "recall": 0.9071644803229062,
                "f1-score": 0.8792176039119804,
                "support": 991
            },
            "accuracy": 0.8257110536522301,