{
    "config": {
        "output": "results/XGBoost/eye/31",
        "dataset": "eye",
        "normalization": "standard",
        "model": "XGBoost",
        "seed": 31
    },
    "final": 0.7152650822669104,
    "train_score": 1.0,
    "test_score": 0.7177142857142857,
    "cfg": {
        "eval_score": 0.7271480804387569,
        "n_trial": 76,
        "dataset": "eye",
        "normalization": "standard",
        "fit": {
            "early_stopping_rounds": 50,
            "verbose": false,
            "eval_metric": "merror"
        },
        "model": {
            "alpha": 1.7219516828475235e-05,
            "booster": "gbtree",
            "colsample_bylevel": 0.7937211539694414,
            "colsample_bytree": 0.7778197410720242,
            "gamma": 0.003222331189784788,
            "lambda": 0.00010306969781197298,
            "learning_rate": 0.3196841643060323,
            "max_depth": 8,
            "min_child_weight": 0.23378758034955577,
            "n_estimators": 2000,
            "n_jobs": -1,
            "subsample": 0.9354016750999191,
            "tree_method": "gpu_hist"
        }
    },
    "metric": {
        "train": {
            "0": {
                "precision": 1.0,
                "recall": 1.0,
                "f1-score": 1.0,
                "support": 2434
            },
            "1": {
                "precision": 1.0,
                "recall": 1.0,
                "f1-score": 1.0,
                "support": 2727
            },
            "2": {
                "precision": 1.0,
                "recall": 1.0,
                "f1-score": 1.0,
                "support": 1837
            },
            "accuracy": 1.0,
            "macro avg": {
                "precision": 1.0,
                "recall": 1.0,
                "f1-score": 1.0,
                "support": 6998
            },
            "weighted avg": {
                "precision": 1.0,
                "recall": 1.0,
                "f1-score": 1.0,
                "support": 6998
            },
            "score": 1.0
        },
        "val": {
            "0": {
                "precision": 0.6818181818181818,
                "recall": 0.7142857142857143,
                "f1-score": 0.6976744186046512,
                "support": 609
            },
            "1": {
                "precision": 0.6854256854256854,
                "recall": 0.6964809384164223,
                "f1-score": 0.6909090909090909,
                "support": 682
            },
            "2": {
                "precision": 0.8257756563245824,
                "recall": 0.7538126361655774,
                "f1-score": 0.7881548974943051,
                "support": 459
            },
            "accuracy": 0.7177142857142857,
            "macro avg": {
                "precision": 0.7310065078561498,
                "recall": 0.7215264296225713,
                "f1-score": 0.7255794690026823,
                "support": 1750
            },
            "weighted avg": {
                "precision": 0.7209820665374705,
                "recall": 0.7177142857142857,
                "f1-score": 0.7187696107886392,
                "support": 1750
            },
            "score": 0.7177142857142857
        },
        "test": {
            "0": {
                "precision": 0.6962552011095701,
                "recall": 0.6596583442838371,
                "f1-score": 0.6774628879892038,
                "support": 761
            },
            "1": {
                "precision": 0.6890380313199105,
                "recall": 0.7221570926143025,
                "f1-score": 0.705208929593589,
                "support": 853
            },
            "2": {
                "precision": 0.7801047120418848,
                "recall": 0.7787456445993032,
                "f1-score": 0.7794245858761989,
                "support": 574
            },
            "accuracy": 0.7152650822669104,
            "macro avg": {
                "precision": 0.7217993148237883,
                "recall": 0.7201870271658142,
                "f1-score": 0.7206988011529972,
                "support": 2188
            },
            "weighted avg": {
                "precision": 0.7154386441829563,
                "recall": 0.7152650822669104,
                "f1-score": 0.7150284218446316,
                "support": 2188
            },
            "score": 0.7152650822669104
        }
    }
}