{
    "config": {
        "output": "results/XGBoost/otto/108",
        "dataset": "otto",
        "normalization": "__none__",
        "model": "XGBoost",
        "seed": 108
    },
    "final": 0.8270038784744667,
    "train_score": 0.9614908714426403,
    "test_score": 0.8229471770528229,
    "cfg": {
        "eval_score": 0.8299935358758889,
        "n_trial": 42,
        "dataset": "otto",
        "normalization": "__none__",
        "fit": {
            "early_stopping_rounds": 50,
            "verbose": false,
            "eval_metric": "merror"
        },
        "model": {
            "alpha": 0.07821973678710424,
            "booster": "gbtree",
            "colsample_bylevel": 0.7139106765101877,
            "colsample_bytree": 0.926646049675929,
            "gamma": 4.02187324452987e-06,
            "lambda": 1.0718309350284456,
            "learning_rate": 0.04495002695661424,
            "max_depth": 9,
            "min_child_weight": 8.041072486091907e-05,
            "n_estimators": 2000,
            "n_jobs": -1,
            "subsample": 0.8926105051049484,
            "tree_method": "gpu_hist"
        }
    },
    "metric": {
        "train": {
            "0": {
                "precision": 0.9801488833746899,
                "recall": 0.9595141700404858,
                "f1-score": 0.969721767594108,
                "support": 1235
            },
            "1": {
                "precision": 0.9122600507062658,
                "recall": 0.9764489242101182,
                "f1-score": 0.9432637393502482,
                "support": 10318
            },
            "2": {
                "precision": 0.9353402586389654,
                "recall": 0.8613822725497853,
                "f1-score": 0.8968391096656164,
                "support": 5122
            },
            "3": {
                "precision": 0.9833887043189369,
                "recall": 0.859465737514518,
                "f1-score": 0.9172606135729781,
                "support": 1722
            },
            "4": {
                "precision": 0.9982896237172177,
                "recall": 0.9988590986879635,
                "f1-score": 0.9985742800114058,
                "support": 1753
            },
            "5": {
                "precision": 0.9961214539007093,
                "recall": 0.9936988724298033,
                "f1-score": 0.9949086884338683,
                "support": 9046
            },
            "6": {
                "precision": 0.9690140845070423,
                "recall": 0.9466152999449642,
                "f1-score": 0.9576837416481069,
                "support": 1817
            },
            "7": {
                "precision": 0.9869124423963134,
                "recall": 0.9883699464648329,
                "f1-score": 0.9876406567054048,
                "support": 5417
            },
            "8": {
                "precision": 0.9879288437102922,
                "recall": 0.9807631661936298,
                "f1-score": 0.9843329640765944,
                "support": 3171
            },
            "accuracy": 0.9614908714426403,
            "macro avg": {
                "precision": 0.9721560383633814,
                "recall": 0.9516797208929001,
                "f1-score": 0.9611361734509257,
                "support": 39601
            },
            "weighted avg": {
                "precision": 0.9622947214847742,
                "recall": 0.9614908714426403,
                "f1-score": 0.9612196579718183,
                "support": 39601
            },
            "score": 0.9614908714426403
        },
        "val": {
            "0": {
                "precision": 0.7409326424870466,
                "recall": 0.4642857142857143,
                "f1-score": 0.5708582834331336,
                "support": 308
            },
            "1": {
                "precision": 0.7401652892561984,
                "recall": 0.8678294573643411,
                "f1-score": 0.7989295272078502,
                "support": 2580
            },
            "2": {
                "precision": 0.6578199052132702,
                "recall": 0.5417642466822795,
                "f1-score": 0.5941780821917808,
                "support": 1281
            },
            "3": {
                "precision": 0.8214285714285714,
                "recall": 0.5336426914153132,
                "f1-score": 0.6469760900140646,
                "support": 431
            },
            "4": {
                "precision": 0.9791183294663574,
                "recall": 0.9634703196347032,
                "f1-score": 0.9712313003452243,
                "support": 438
            },
            "5": {
                "precision": 0.9426921368280764,
                "recall": 0.9381078691423519,
                "f1-score": 0.9403944161311765,
                "support": 2262
            },
            "6": {
                "precision": 0.7582938388625592,
                "recall": 0.7048458149779736,
                "f1-score": 0.730593607305936,
                "support": 454
            },
            "7": {
                "precision": 0.8997175141242938,
                "recall": 0.9409158050221565,
                "f1-score": 0.91985559566787,
                "support": 1354
            },
            "8": {
                "precision": 0.8502415458937198,
                "recall": 0.8877679697351829,
                "f1-score": 0.8685996298581123,
                "support": 793
            },
            "accuracy": 0.8229471770528229,
            "macro avg": {
                "precision": 0.821156641506677,
                "recall": 0.7602922098066685,
                "f1-score": 0.7824018369061275,
                "support": 9901
            },
            "weighted avg": {
                "precision": 0.8213801250079692,
                "recall": 0.8229471770528229,
                "f1-score": 0.8176544095693359,
                "support": 9901
            },
            "score": 0.8229471770528229
        },
        "test": {
            "0": {
                "precision": 0.7966804979253111,
                "recall": 0.49740932642487046,
                "f1-score": 0.6124401913875598,
                "support": 386
            },
            "1": {
                "precision": 0.7498665242925787,
                "recall": 0.8712779156327544,
                "f1-score": 0.8060258249641319,
                "support": 3224
            },
            "2": {
                "precision": 0.6463142218912882,
                "recall": 0.5421611492816989,
                "f1-score": 0.5896739130434783,
                "support": 1601
            },
            "3": {
                "precision": 0.7953216374269005,
                "recall": 0.5055762081784386,
                "f1-score": 0.6181818181818183,
                "support": 538
            },
            "4": {
                "precision": 0.9796296296296296,
                "recall": 0.9653284671532847,
                "f1-score": 0.9724264705882353,
                "support": 548
            },
            "5": {
                "precision": 0.9443466009158155,
                "recall": 0.9483551467987266,
                "f1-score": 0.9463466290151782,
                "support": 2827
            },
            "6": {
                "precision": 0.7713717693836978,
                "recall": 0.6830985915492958,
                "f1-score": 0.7245564892623716,
                "support": 568
            },
            "7": {
                "precision": 0.9031710079275198,
                "recall": 0.9421145894861194,
                "f1-score": 0.9222318589187627,
                "support": 1693
            },
            "8": {
                "precision": 0.853219696969697,
                "recall": 0.9091826437941474,
                "f1-score": 0.8803126526624327,
                "support": 991
            },
            "accuracy": 0.8270038784744667,