{
    "config": {
        "output": "results/XGBoost/otto/130",
        "dataset": "otto",
        "normalization": "__none__",
        "model": "XGBoost",
        "seed": 130
    },
    "final": 0.8223981900452488,
    "train_score": 0.9458852049190677,
    "test_score": 0.8218361781638218,
    "cfg": {
        "eval_score": 0.8299935358758889,
        "n_trial": 42,
        "dataset": "otto",
        "normalization": "__none__",
        "fit": {
            "early_stopping_rounds": 50,
            "verbose": false,
            "eval_metric": "merror"
        },
        "model": {
            "alpha": 0.07821973678710424,
            "booster": "gbtree",
            "colsample_bylevel": 0.7139106765101877,
            "colsample_bytree": 0.926646049675929,
            "gamma": 4.02187324452987e-06,
            "lambda": 1.0718309350284456,
            "learning_rate": 0.04495002695661424,
            "max_depth": 9,
            "min_child_weight": 8.041072486091907e-05,
            "n_estimators": 2000,
            "n_jobs": -1,
            "subsample": 0.8926105051049484,
            "tree_method": "gpu_hist"
        }
    },
    "metric": {
        "train": {
            "0": {
                "precision": 0.9555369127516778,
                "recall": 0.9222672064777327,
                "f1-score": 0.938607334157396,
                "support": 1235
            },
            "1": {
                "precision": 0.8852531310636796,
                "recall": 0.972766039930219,
                "f1-score": 0.9269486516438863,
                "support": 10318
            },
            "2": {
                "precision": 0.9188062321702875,
                "recall": 0.8174541194845764,
                "f1-score": 0.8651720219030892,
                "support": 5122
            },
            "3": {
                "precision": 0.9671787709497207,
                "recall": 0.8042973286875726,
                "f1-score": 0.8782498414711477,
                "support": 1722
            },
            "4": {
                "precision": 0.9977155910908052,
                "recall": 0.9965772960638904,
                "f1-score": 0.9971461187214611,
                "support": 1753
            },
            "5": {
                "precision": 0.9906811626358997,
                "recall": 0.987176652664161,
                "f1-score": 0.9889258028792913,
                "support": 9046
            },
            "6": {
                "precision": 0.9499715747583855,
                "recall": 0.9196477710511832,
                "f1-score": 0.9345637583892618,
                "support": 1817
            },
            "7": {
                "precision": 0.9775032269961276,
                "recall": 0.9785859331733432,
                "f1-score": 0.9780442804428043,
                "support": 5417
            },
            "8": {
                "precision": 0.9763955342902711,
                "recall": 0.9653106275622831,
                "f1-score": 0.9708214398985093,
                "support": 3171
            },
            "accuracy": 0.9458852049190677,
            "macro avg": {
                "precision": 0.9576713485229837,
                "recall": 0.929342552788329,
                "f1-score": 0.9420532499452052,
                "support": 39601
            },
            "weighted avg": {
                "precision": 0.9472947162422662,
                "recall": 0.9458852049190677,
                "f1-score": 0.9453209901159533,
                "support": 39601
            },
            "score": 0.9458852049190677
        },
        "val": {
            "0": {
                "precision": 0.7319587628865979,
                "recall": 0.461038961038961,
                "f1-score": 0.5657370517928286,
                "support": 308
            },
            "1": {
                "precision": 0.7359108781127129,
                "recall": 0.8705426356589148,
                "f1-score": 0.7975852272727273,
                "support": 2580
            },
            "2": {
                "precision": 0.6587677725118484,
                "recall": 0.5425448868071819,
                "f1-score": 0.5950342465753425,
                "support": 1281
            },
            "3": {
                "precision": 0.837037037037037,
                "recall": 0.5243619489559165,
                "f1-score": 0.6447931526390871,
                "support": 431
            },
            "4": {
                "precision": 0.9814814814814815,
                "recall": 0.9680365296803652,
                "f1-score": 0.9747126436781608,
                "support": 438
            },
            "5": {
                "precision": 0.9431616341030196,
                "recall": 0.9389920424403183,
                "f1-score": 0.9410722197607443,
                "support": 2262
            },
            "6": {
                "precision": 0.7645631067961165,
                "recall": 0.6938325991189427,
                "f1-score": 0.7274826789838337,
                "support": 454
            },
            "7": {
                "precision": 0.8968197879858657,
                "recall": 0.9372230428360414,
                "f1-score": 0.9165763813651139,
                "support": 1354
            },
            "8": {
                "precision": 0.8498168498168498,
                "recall": 0.8776796973518285,
                "f1-score": 0.8635235732009925,
                "support": 793
            },
            "accuracy": 0.8218361781638218,
            "macro avg": {
                "precision": 0.822168590081281,
                "recall": 0.7571391493209412,
                "f1-score": 0.7807241305854256,
                "support": 9901
            },
            "weighted avg": {
                "precision": 0.8208634233515294,
                "recall": 0.8218361781638218,
                "f1-score": 0.8164717570115683,
                "support": 9901
            },
            "score": 0.8218361781638218
        },
        "test": {
            "0": {
                "precision": 0.7689075630252101,
                "recall": 0.4740932642487047,
                "f1-score": 0.5865384615384616,
                "support": 386
            },
            "1": {
                "precision": 0.743175192154784,
                "recall": 0.869727047146402,
                "f1-score": 0.8014863512934115,
                "support": 3224
            },
            "2": {
                "precision": 0.6385725132877752,
                "recall": 0.5252966895690193,
                "f1-score": 0.5764222069910897,
                "support": 1601
            },
            "3": {
                "precision": 0.7965116279069767,
                "recall": 0.5092936802973977,
                "f1-score": 0.6213151927437642,
                "support": 538
            },
            "4": {
                "precision": 0.9851024208566108,
                "recall": 0.9653284671532847,
                "f1-score": 0.975115207373272,
                "support": 548
            },
            "5": {
                "precision": 0.9409905163329821,
                "recall": 0.9476476830562434,
                "f1-score": 0.9443073669369053,
                "support": 2827
            },
            "6": {
                "precision": 0.7638888888888888,
                "recall": 0.6778169014084507,
                "f1-score": 0.7182835820895522,
                "support": 568
            },
            "7": {
                "precision": 0.9025641025641026,
                "recall": 0.9356172474896634,
                "f1-score": 0.9187935034802784,
                "support": 1693
            },
            "8": {
                "precision": 0.8473138548539114,
                "recall": 0.9071644803229062,
                "f1-score": 0.8762183235867447,
                "support": 991
            },
            "accuracy": 0.8223981900452488,