{
    "config": {
        "output": "results/TabNet/churn/53",
        "dataset": "churn",
        "normalization": "quantile",
        "model": "TabNet",
        "seed": 53,
        "early_stop": 16
    },
    "final": 0.861,
    "best": 0.862,
    "losses": "[0.4417784410715103, 0.3592096829414368, 0.34689035594463347, 0.3412855291366577, 0.3367123591899872, 0.3337716954946518, 0.32778305798769, 0.32546628654003146, 0.3213240709900856, 0.32118383079767227, 0.31740940660238265, 0.31418887138366697, 0.31125504910945895, 0.30679871439933776, 0.30431752890348435, 0.3016624304652214, 0.2993211019039154, 0.2963751283288002, 0.2926046997308731, 0.28859601527452466, 0.2872145026922226, 0.2813460746407509, 0.27620160788297654, 0.27407094031572343, 0.2700542697310448]",
    "val_score": "[0.79625, 0.805625, 0.85875, 0.855, 0.8575, 0.85875, 0.856875, 0.85625, 0.86, 0.859375, 0.854375, 0.85125, 0.855, 0.854375, 0.855625, 0.85125, 0.851875, 0.854375, 0.853125, 0.85, 0.85125, 0.853125, 0.85, 0.849375, 0.853125]",
    "test_score": "[0.7965, 0.805, 0.8575, 0.855, 0.86, 0.86, 0.8595, 0.862, 0.861, 0.8605, 0.8605, 0.8595, 0.859, 0.8585, 0.8565, 0.8575, 0.858, 0.8605, 0.8595, 0.8595, 0.8595, 0.858, 0.855, 0.857, 0.8535]",
    "cfg": {
        "model": {
            "batch_momentum": 0.95,
            "d_embedding": 128,
            "feature_dim": 64,
            "num_decision_steps": 3,
            "relaxation_factor": 1.333,
            "virtual_batch_size": 128,
            "output_dim": 64
        },
        "training": {
            "display_steps": 100,
            "epochs": 50000,
            "grad_thresh": 2000.0,
            "patience": 16,
            "schedule": {
                "decay_rate": 0.5,
                "decay_steps": 500,
                "learning_rate": 0.005
            },
            "sparsity_loss_weight": 0.001
        }
    }
}