{
    "config": {
        "output": "results/TabNet/adult/108",
        "dataset": "adult",
        "normalization": "quantile",
        "model": "TabNet",
        "seed": 108,
        "early_stop": 16
    },
    "final": 0.8397518579939807,
    "best": 0.8397518579939807,
    "losses": "[0.43443430157808155, 0.3457744855147142, 0.33956920871367824, 0.33579633098382217, 0.3318202908222492, 0.3287995503498958, 0.3279637167086968, 0.3248200806287619, 0.3218862551909227, 0.321175054861949, 0.32047571814977205, 0.31693309316268337, 0.31658746416752154, 0.3144989082446465, 0.3128412618086888, 0.31284237595704883, 0.31163087028723496, 0.30960850761486935, 0.31049070679224455, 0.3076382256471194, 0.30496872617648196, 0.304700635946714, 0.30507516402464646, 0.3031813295987936, 0.302884599337211, 0.2992857602926401]",
    "val_score": "[0.7592507293106096, 0.7592507293106096, 0.7592507293106096, 0.7592507293106096, 0.7592507293106096, 0.7614002763703362, 0.7991708889912482, 0.8234300629510211, 0.8357131890066022, 0.8427759864885613, 0.8423153692614771, 0.841087056655919, 0.8372485797635498, 0.8361738062336864, 0.8340242591739597, 0.831260555811454, 0.8320282511899278, 0.8372485797635498, 0.8323353293413174, 0.836480884385076, 0.833256563795486, 0.8361738062336864, 0.8369415016121603, 0.8329494856440964, 0.8326424074927069, 0.8291110087517273]",
    "test_score": "[0.7637737239727289, 0.7637737239727289, 0.7637737239727289, 0.7637737239727289, 0.7637737239727289, 0.7657392052085252, 0.8016706590504269, 0.8299858731036177, 0.8375406916037098, 0.8397518579939807, 0.8382777470671334, 0.8386462747988452, 0.8380934832012775, 0.8391376451077943, 0.8356980529451508, 0.8365579509858116, 0.8344082058841594, 0.831951354339414, 0.8337939929979731, 0.8368036361402862, 0.8355137890792949, 0.8379706406240403, 0.8361280019654812, 0.8336097291321172, 0.8345310484613967, 0.834653891038634]",
    "cfg": {
        "normalization": "quantile",
        "model": {
            "batch_momentum": 0.95,
            "d_embedding": 169,
            "feature_dim": 32,
            "num_decision_steps": 5,
            "relaxation_factor": 1.613063457884132,
            "virtual_batch_size": 256,
            "output_dim": 32
        },
        "training": {
            "batch_size": 2048,
            "display_steps": 100,
            "epochs": 50000,
            "grad_thresh": 2000.0,
            "patience": 16,
            "schedule": {
                "decay_rate": 0.8962917207456913,
                "decay_steps": 500,
                "learning_rate": 0.009728281609720741
            },
            "sparsity_loss_weight": 0.001843742127649597
        }
    }
}