{
    "eval_score": 0.7271480804387569,
    "n_trial": 76,
    "dataset": "eye",
    "normalization": "standard",
    "fit": {
        "early_stopping_rounds": 50,
        "verbose": false
    },
    "model": {
        "alpha": 1.7219516828475235e-05,
        "booster": "gbtree",
        "colsample_bylevel": 0.7937211539694414,
        "colsample_bytree": 0.7778197410720242,
        "gamma": 0.003222331189784788,
        "lambda": 0.00010306969781197298,
        "learning_rate": 0.3196841643060323,
        "max_depth": 8,
        "min_child_weight": 0.23378758034955577,
        "n_estimators": 2000,
        "n_jobs": -1,
        "subsample": 0.9354016750999191,
        "tree_method": "gpu_hist"
    }
}