{
    "config": {
        "output": "results/XGBoost/adult/42",
        "dataset": "adult",
        "normalization": "quantile",
        "model": "XGBoost",
        "seed": 42
    },
    "final": 0.8399361218598366,
    "train_score": 0.8456311425061425,
    "test_score": 0.8403193612774451,
    "cfg": {
        "normalization": "quantile",
        "fit": {
            "early_stopping_rounds": 50,
            "verbose": false,
            "eval_metric": "error"
        },
        "model": {
            "alpha": 0,
            "booster": "gbtree",
            "colsample_bylevel": 0.617272713203309,
            "colsample_bytree": 0.5411307302074724,
            "gamma": 0,
            "lambda": 2.936612875585434e-08,
            "learning_rate": 0.0279777241489622,
            "max_depth": 10,
            "min_child_weight": 4.058438699016036,
            "n_estimators": 2000,
            "n_jobs": -1,
            "subsample": 0.9532294000425751,
            "tree_method": "gpu_hist"
        }
    },
    "metric": {
        "train": {
            "0": {
                "precision": 0.8491887578686054,
                "recall": 0.9686978508217446,
                "f1-score": 0.9050150001181111,
                "support": 19775
            },
            "1": {
                "precision": 0.8226361031518624,
                "recall": 0.45767575322812054,
                "f1-score": 0.5881388917340982,
                "support": 6273
            },
            "accuracy": 0.8456311425061425,
            "macro avg": {
                "precision": 0.8359124305102339,
                "recall": 0.7131868020249326,
                "f1-score": 0.7465769459261047,
                "support": 26048
            },
            "weighted avg": {
                "precision": 0.8427942245824365,
                "recall": 0.8456311425061425,
                "f1-score": 0.8287034281013377,
                "support": 26048
            },
            "roc_auc": 0.880986778767914,
            "score": 0.8456311425061425
        },
        "val": {
            "0": {
                "precision": 0.8439316540426282,
                "recall": 0.9688574317492417,
                "f1-score": 0.9020900018828846,
                "support": 4945
            },
            "1": {
                "precision": 0.8157894736842105,
                "recall": 0.43494897959183676,
                "f1-score": 0.56738768718802,
                "support": 1568
            },
            "accuracy": 0.8403193612774451,
            "macro avg": {
                "precision": 0.8298605638634193,
                "recall": 0.7019032056705392,
                "f1-score": 0.7347388445354524,
                "support": 6513
            },
            "weighted avg": {
                "precision": 0.8371564446457298,
                "recall": 0.8403193612774451,
                "f1-score": 0.8215106637220451,
                "support": 6513
            },
            "roc_auc": 0.8673395230185098,
            "score": 0.8403193612774451
        },
        "test": {
            "0": {
                "precision": 0.846604132872558,
                "recall": 0.9653397667872939,
                "f1-score": 0.9020816111820846,
                "support": 12435
            },
            "1": {
                "precision": 0.7949571836346336,
                "recall": 0.4344773790951638,
                "f1-score": 0.5618695359784802,
                "support": 3846
            },
            "accuracy": 0.8399361218598366,
            "macro avg": {
                "precision": 0.8207806582535958,
                "recall": 0.6999085729412289,
                "f1-score": 0.7319755735802824,
                "support": 16281
            },
            "weighted avg": {
                "precision": 0.8344037663859136,
                "recall": 0.8399361218598366,
                "f1-score": 0.8217145795972273,
                "support": 16281
            },
            "roc_auc": 0.8652827150480471,
            "score": 0.8399361218598366
        }
    }
}