{
    "config": {
        "output": "results/XGBoost/adult/31",
        "dataset": "adult",
        "normalization": "quantile",
        "model": "XGBoost",
        "seed": 31
    },
    "final": 0.8394447515508875,
    "train_score": 0.8481265356265356,
    "test_score": 0.839705204974666,
    "cfg": {
        "normalization": "quantile",
        "fit": {
            "early_stopping_rounds": 50,
            "verbose": false,
            "eval_metric": "error"
        },
        "model": {
            "alpha": 0,
            "booster": "gbtree",
            "colsample_bylevel": 0.617272713203309,
            "colsample_bytree": 0.5411307302074724,
            "gamma": 0,
            "lambda": 2.936612875585434e-08,
            "learning_rate": 0.0279777241489622,
            "max_depth": 10,
            "min_child_weight": 4.058438699016036,
            "n_estimators": 2000,
            "n_jobs": -1,
            "subsample": 0.9532294000425751,
            "tree_method": "gpu_hist"
        }
    },
    "metric": {
        "train": {
            "0": {
                "precision": 0.853434022967961,
                "recall": 0.9658154235145385,
                "f1-score": 0.9061536271765431,
                "support": 19775
            },
            "1": {
                "precision": 0.8157536113382393,
                "recall": 0.477124183006536,
                "f1-score": 0.6020921343794006,
                "support": 6273
            },
            "accuracy": 0.8481265356265356,
            "macro avg": {
                "precision": 0.8345938171531002,
                "recall": 0.7214698032605372,
                "f1-score": 0.7541228807779718,
                "support": 26048
            },
            "weighted avg": {
                "precision": 0.8443596517243628,
                "recall": 0.8481265356265356,
                "f1-score": 0.8329281302356464,
                "support": 26048
            },
            "roc_auc": 0.8841311478185058,
            "score": 0.8481265356265356
        },
        "val": {
            "0": {
                "precision": 0.8467555555555556,
                "recall": 0.9631951466127402,
                "f1-score": 0.9012298959318827,
                "support": 4945
            },
            "1": {
                "precision": 0.795045045045045,
                "recall": 0.4502551020408163,
                "f1-score": 0.5749185667752443,
                "support": 1568
            },
            "accuracy": 0.839705204974666,
            "macro avg": {
                "precision": 0.8209003003003004,
                "recall": 0.7067251243267783,
                "f1-score": 0.7380742313535635,
                "support": 6513
            },
            "weighted avg": {
                "precision": 0.8343062878631741,
                "recall": 0.839705204974666,
                "f1-score": 0.8226706814197364,
                "support": 6513
            },
            "roc_auc": 0.8670288995274552,
            "score": 0.839705204974666
        },
        "test": {
            "0": {
                "precision": 0.8492283621364056,
                "recall": 0.9602734217933253,
                "f1-score": 0.9013435990338164,
                "support": 12435
            },
            "1": {
                "precision": 0.7774774774774775,
                "recall": 0.44877795111804475,
                "f1-score": 0.5690735245631389,
                "support": 3846
            },
            "accuracy": 0.8394447515508875,
            "macro avg": {
                "precision": 0.8133529198069416,
                "recall": 0.704525686455685,
                "f1-score": 0.7352085617984776,
                "support": 16281
            },
            "weighted avg": {
                "precision": 0.8322789178517647,
                "recall": 0.8394447515508875,
                "f1-score": 0.8228526767063042,
                "support": 16281
            },
            "roc_auc": 0.864955365404001,
            "score": 0.8394447515508875
        }
    }
}