{
    "config": {
        "output": "results/XGBoost/otto/75",
        "dataset": "otto",
        "normalization": "__none__",
        "model": "XGBoost",
        "seed": 75
    },
    "final": 0.8229638009049773,
    "train_score": 0.9566677609151284,
    "test_score": 0.8223411776588223,
    "cfg": {
        "eval_score": 0.8299935358758889,
        "n_trial": 42,
        "dataset": "otto",
        "normalization": "__none__",
        "fit": {
            "early_stopping_rounds": 50,
            "verbose": false,
            "eval_metric": "merror"
        },
        "model": {
            "alpha": 0.07821973678710424,
            "booster": "gbtree",
            "colsample_bylevel": 0.7139106765101877,
            "colsample_bytree": 0.926646049675929,
            "gamma": 4.02187324452987e-06,
            "lambda": 1.0718309350284456,
            "learning_rate": 0.04495002695661424,
            "max_depth": 9,
            "min_child_weight": 8.041072486091907e-05,
            "n_estimators": 2000,
            "n_jobs": -1,
            "subsample": 0.8926105051049484,
            "tree_method": "gpu_hist"
        }
    },
    "metric": {
        "train": {
            "0": {
                "precision": 0.9766666666666667,
                "recall": 0.9489878542510122,
                "f1-score": 0.9626283367556469,
                "support": 1235
            },
            "1": {
                "precision": 0.9026096314231907,
                "recall": 0.9754797441364605,
                "f1-score": 0.937631002841306,
                "support": 10318
            },
            "2": {
                "precision": 0.9324149806284976,
                "recall": 0.8457633736821554,
                "f1-score": 0.886977886977887,
                "support": 5122
            },
            "3": {
                "precision": 0.9764468371467026,
                "recall": 0.8426248548199767,
                "f1-score": 0.9046134663341646,
                "support": 1722
            },
            "4": {
                "precision": 0.9982866933181039,
                "recall": 0.9971477467199087,
                "f1-score": 0.9977168949771689,
                "support": 1753
            },
            "5": {
                "precision": 0.9940192712371249,
                "recall": 0.9921512270616847,
                "f1-score": 0.9930843706777317,
                "support": 9046
            },
            "6": {
                "precision": 0.9628796400449944,
                "recall": 0.9422124380847551,
                "f1-score": 0.9524339360222531,
                "support": 1817
            },
            "7": {
                "precision": 0.9843260188087775,
                "recall": 0.9854162820749492,
                "f1-score": 0.9848708487084871,
                "support": 5417
            },
            "8": {
                "precision": 0.9856550844756137,
                "recall": 0.9750867234310943,
                "f1-score": 0.9803424223208624,
                "support": 3171
            },
            "accuracy": 0.9566677609151284,
            "macro avg": {
                "precision": 0.9681449804166302,
                "recall": 0.9449855826957774,
                "f1-score": 0.955588796179501,
                "support": 39601
            },
            "weighted avg": {
                "precision": 0.9576938465801961,
                "recall": 0.9566677609151284,
                "f1-score": 0.956311467229855,
                "support": 39601
            },
            "score": 0.9566677609151284
        },
        "val": {
            "0": {
                "precision": 0.751219512195122,
                "recall": 0.5,
                "f1-score": 0.6003898635477583,
                "support": 308
            },
            "1": {
                "precision": 0.7373104812129202,
                "recall": 0.8670542635658914,
                "f1-score": 0.7969362308514428,
                "support": 2580
            },
            "2": {
                "precision": 0.6527117031398668,
                "recall": 0.5355191256830601,
                "f1-score": 0.5883361921097771,
                "support": 1281
            },
            "3": {
                "precision": 0.8363636363636363,
                "recall": 0.5336426914153132,
                "f1-score": 0.6515580736543909,
                "support": 431
            },
            "4": {
                "precision": 0.9790697674418605,
                "recall": 0.9611872146118722,
                "f1-score": 0.9700460829493087,
                "support": 438
            },
            "5": {
                "precision": 0.9436557231588287,
                "recall": 0.9403183023872679,
                "f1-score": 0.941984056687334,
                "support": 2262
            },
            "6": {
                "precision": 0.7535545023696683,
                "recall": 0.7004405286343612,
                "f1-score": 0.726027397260274,
                "support": 454
            },
            "7": {
                "precision": 0.9012082444918266,
                "recall": 0.9364844903988183,
                "f1-score": 0.9185077870336835,
                "support": 1354
            },
            "8": {
                "precision": 0.8517618469015796,
                "recall": 0.8839848675914249,
                "f1-score": 0.8675742574257426,
                "support": 793
            },
            "accuracy": 0.8223411776588223,
            "macro avg": {
                "precision": 0.8229839352528122,
                "recall": 0.76207016492089,
                "f1-score": 0.7845955490577458,
                "support": 9901
            },
            "weighted avg": {
                "precision": 0.8212717630457377,
                "recall": 0.8223411776588223,
                "f1-score": 0.8173322123122948,
                "support": 9901
            },
            "score": 0.8223411776588223
        },
        "test": {
            "0": {
                "precision": 0.7732793522267206,
                "recall": 0.4948186528497409,
                "f1-score": 0.60347551342812,
                "support": 386
            },
            "1": {
                "precision": 0.7423800689106812,
                "recall": 0.8687965260545906,
                "f1-score": 0.800628840931828,
                "support": 3224
            },
            "2": {
                "precision": 0.6316981132075472,
                "recall": 0.5227982510930669,
                "f1-score": 0.5721120984278879,
                "support": 1601
            },
            "3": {
                "precision": 0.7886904761904762,
                "recall": 0.49256505576208176,
                "f1-score": 0.6064073226544623,
                "support": 538
            },
            "4": {
                "precision": 0.9813780260707635,
                "recall": 0.9616788321167883,
                "f1-score": 0.9714285714285714,
                "support": 548
            },
            "5": {
                "precision": 0.9454225352112676,
                "recall": 0.949770074283693,
                "f1-score": 0.9475913181577554,
                "support": 2827
            },
            "6": {
                "precision": 0.7742574257425743,
                "recall": 0.6883802816901409,
                "f1-score": 0.728797763280522,
                "support": 568
            },
            "7": {
                "precision": 0.9024943310657596,
                "recall": 0.9403425871234495,
                "f1-score": 0.9210297946196123,
                "support": 1693
            },
            "8": {
                "precision": 0.8541468064823642,
                "recall": 0.9041372351160444,
                "f1-score": 0.8784313725490197,
                "support": 991
            },
            "accuracy": 0.8229638009049773,