{
    "config": {
        "output": "results/TabNet/churn/20",
        "dataset": "churn",
        "normalization": "quantile",
        "model": "TabNet",
        "seed": 20,
        "early_stop": 16
    },
    "final": 0.8555,
    "best": 0.858,
    "losses": "[0.3943271851539612, 0.35914936363697053, 0.3537054693698883, 0.34792935401201247, 0.3487440228462219, 0.34386022508144376, 0.34149804323911664, 0.3412672966718674, 0.33634916186332703, 0.3365351268649101, 0.33418013513088224, 0.3269000768661499, 0.32395324438810347, 0.32096016258001325, 0.31713763505220416, 0.31305860430002214, 0.3096897602081299, 0.30802152514457704, 0.30361914753913877, 0.29999627530574796, 0.29831804215908053]",
    "val_score": "[0.79625, 0.794375, 0.860625, 0.86, 0.8625, 0.86, 0.859375, 0.860625, 0.86, 0.860625, 0.86125, 0.858125, 0.85875, 0.85625, 0.85875, 0.856875, 0.8525, 0.855, 0.85625, 0.8575, 0.856875]",
    "test_score": "[0.7965, 0.796, 0.854, 0.857, 0.8555, 0.857, 0.8535, 0.8545, 0.8545, 0.855, 0.8555, 0.8545, 0.858, 0.8555, 0.8535, 0.851, 0.8535, 0.854, 0.853, 0.8545, 0.854]",
    "cfg": {
        "model": {
            "batch_momentum": 0.95,
            "d_embedding": 128,
            "feature_dim": 64,
            "num_decision_steps": 3,
            "relaxation_factor": 1.333,
            "virtual_batch_size": 128,
            "output_dim": 64
        },
        "training": {
            "display_steps": 100,
            "epochs": 50000,
            "grad_thresh": 2000.0,
            "patience": 16,
            "schedule": {
                "decay_rate": 0.5,
                "decay_steps": 500,
                "learning_rate": 0.005
            },
            "sparsity_loss_weight": 0.001
        }
    }
}