{
    "config": {
        "output": "results/TabNet/churn/64",
        "dataset": "churn",
        "normalization": "quantile",
        "model": "TabNet",
        "seed": 64,
        "early_stop": 16
    },
    "final": 0.8645,
    "best": 0.867,
    "losses": "[0.4342937994003296, 0.35470191270112994, 0.3519622880220413, 0.34309235483407974, 0.34373878836631777, 0.3434478577971458, 0.3391066008806229, 0.337097624540329, 0.33725651413202284, 0.33468145698308943, 0.33330598562955854, 0.3349124735593796, 0.33252753704786303, 0.32950755178928376, 0.3321894744038582, 0.3292666840553284, 0.3297482559084892, 0.32736448794603346, 0.3272403958439827, 0.32644150584936144, 0.32502294450998304, 0.32589700520038606, 0.325561098754406, 0.32383083790540695, 0.3231107401847839, 0.32160710394382475, 0.32429841071367266, 0.3223126834630966, 0.32176806062459945, 0.32285896718502044, 0.32056891202926635, 0.3198989787697792, 0.3209544798731804, 0.3192195302248001, 0.318575331568718, 0.3189698040485382, 0.3180014455318451, 0.3173118954896927, 0.31829034626483915, 0.31591869294643404, 0.3157700550556183, 0.31715605467557906, 0.3165292128920555, 0.3156044313311577]",
    "val_score": "[0.79625, 0.791875, 0.8475, 0.86375, 0.865, 0.86625, 0.86625, 0.865, 0.863125, 0.86375, 0.863125, 0.864375, 0.866875, 0.86375, 0.865, 0.87, 0.864375, 0.86375, 0.868125, 0.8675, 0.86625, 0.868125, 0.868125, 0.868125, 0.866875, 0.869375, 0.87, 0.8725, 0.870625, 0.870625, 0.869375, 0.87, 0.869375, 0.87125, 0.871875, 0.87125, 0.871875, 0.8725, 0.871875, 0.8725, 0.8725, 0.871875, 0.8725, 0.8725]",
    "test_score": "[0.7965, 0.7865, 0.839, 0.861, 0.862, 0.8635, 0.861, 0.861, 0.862, 0.8635, 0.8635, 0.8625, 0.864, 0.8625, 0.862, 0.864, 0.8615, 0.8625, 0.862, 0.8615, 0.86, 0.8605, 0.8645, 0.86, 0.861, 0.863, 0.864, 0.8645, 0.865, 0.865, 0.867, 0.866, 0.866, 0.8655, 0.866, 0.8645, 0.8645, 0.8655, 0.8645, 0.866, 0.867, 0.866, 0.8655, 0.866]",
    "cfg": {
        "model": {
            "batch_momentum": 0.95,
            "d_embedding": 128,
            "feature_dim": 64,
            "num_decision_steps": 3,
            "relaxation_factor": 1.333,
            "virtual_batch_size": 128,
            "output_dim": 64
        },
        "training": {
            "display_steps": 100,
            "epochs": 50000,
            "grad_thresh": 2000.0,
            "patience": 16,
            "schedule": {
                "decay_rate": 0.5,
                "decay_steps": 500,
                "learning_rate": 0.005
            },
            "sparsity_loss_weight": 0.001
        }
    }
}