{
    "eval_score": 0.858,
    "n_trial": 51,
    "dataset": "churn",
    "normalization": "quantile",
    "fit": {
        "early_stopping_rounds": 50,
        "verbose": false
    },
    "model": {
        "alpha": 0.9503299243972039,
        "booster": "gbtree",
        "colsample_bylevel": 0.6677906986372057,
        "colsample_bytree": 0.8212494035186699,
        "gamma": 6.530439605891802e-07,
        "lambda": 2.3562503251888525e-08,
        "learning_rate": 8.659258690380046e-05,
        "max_depth": 9,
        "min_child_weight": 2.882693797501982e-08,
        "n_estimators": 2000,
        "n_jobs": -1,
        "subsample": 0.7457707152364644,
        "tree_method": "gpu_hist"
    }
}