{
    "config": {
        "output": "results/XGBoost/otto/152",
        "dataset": "otto",
        "normalization": "__none__",
        "model": "XGBoost",
        "seed": 152
    },
    "final": 0.8251454427925016,
    "train_score": 0.9650513875912224,
    "test_score": 0.8239571760428239,
    "cfg": {
        "eval_score": 0.8299935358758889,
        "n_trial": 42,
        "dataset": "otto",
        "normalization": "__none__",
        "fit": {
            "early_stopping_rounds": 50,
            "verbose": false,
            "eval_metric": "merror"
        },
        "model": {
            "alpha": 0.07821973678710424,
            "booster": "gbtree",
            "colsample_bylevel": 0.7139106765101877,
            "colsample_bytree": 0.926646049675929,
            "gamma": 4.02187324452987e-06,
            "lambda": 1.0718309350284456,
            "learning_rate": 0.04495002695661424,
            "max_depth": 9,
            "min_child_weight": 8.041072486091907e-05,
            "n_estimators": 2000,
            "n_jobs": -1,
            "subsample": 0.8926105051049484,
            "tree_method": "gpu_hist"
        }
    },
    "metric": {
        "train": {
            "0": {
                "precision": 0.9851607584501236,
                "recall": 0.9676113360323887,
                "f1-score": 0.9763071895424836,
                "support": 1235
            },
            "1": {
                "precision": 0.9181653042688465,
                "recall": 0.9797441364605544,
                "f1-score": 0.9479557389347337,
                "support": 10318
            },
            "2": {
                "precision": 0.9443032613299449,
                "recall": 0.8705583756345178,
                "f1-score": 0.9059325477448191,
                "support": 5122
            },
            "3": {
                "precision": 0.984179301252472,
                "recall": 0.8670150987224158,
                "f1-score": 0.9218894720592775,
                "support": 1722
            },
            "4": {
                "precision": 0.9988590986879635,
                "recall": 0.9988590986879635,
                "f1-score": 0.9988590986879635,
                "support": 1753
            },
            "5": {
                "precision": 0.9968971631205674,
                "recall": 0.9944726951138625,
                "f1-score": 0.9956834532374101,
                "support": 9046
            },
            "6": {
                "precision": 0.9692221600447678,
                "recall": 0.9532195927352779,
                "f1-score": 0.9611542730299667,
                "support": 1817
            },
            "7": {
                "precision": 0.9882071125852221,
                "recall": 0.9900313826841425,
                "f1-score": 0.9891184064920694,
                "support": 5417
            },
            "8": {
                "precision": 0.9907878017789072,
                "recall": 0.9836013875748975,
                "f1-score": 0.9871815160626681,
                "support": 3171
            },
            "accuracy": 0.9650513875912224,
            "macro avg": {
                "precision": 0.9750868846132017,
                "recall": 0.956123678182891,
                "f1-score": 0.9648979661990436,
                "support": 39601
            },
            "weighted avg": {
                "precision": 0.9658012590117838,
                "recall": 0.9650513875912224,
                "f1-score": 0.9648040125585695,
                "support": 39601
            },
            "score": 0.9650513875912224
        },
        "val": {
            "0": {
                "precision": 0.7411167512690355,
                "recall": 0.474025974025974,
                "f1-score": 0.5782178217821782,
                "support": 308
            },
            "1": {
                "precision": 0.742885506287227,
                "recall": 0.8701550387596899,
                "f1-score": 0.8014994644769725,
                "support": 2580
            },
            "2": {
                "precision": 0.6555977229601518,
                "recall": 0.5394223263075723,
                "f1-score": 0.5918629550321199,
                "support": 1281
            },
            "3": {
                "precision": 0.8262411347517731,
                "recall": 0.5406032482598608,
                "f1-score": 0.6535764375876578,
                "support": 431
            },
            "4": {
                "precision": 0.9768518518518519,
                "recall": 0.9634703196347032,
                "f1-score": 0.9701149425287355,
                "support": 438
            },
            "5": {
                "precision": 0.9445184198845983,
                "recall": 0.9407603890362511,
                "f1-score": 0.9426356589147287,
                "support": 2262
            },
            "6": {
                "precision": 0.7559241706161137,
                "recall": 0.7026431718061674,
                "f1-score": 0.7283105022831051,
                "support": 454
            },
            "7": {
                "precision": 0.9003533568904594,
                "recall": 0.9409158050221565,
                "f1-score": 0.92018779342723,
                "support": 1354
            },
            "8": {
                "precision": 0.8495145631067961,
                "recall": 0.8827238335435057,
                "f1-score": 0.8658008658008658,
                "support": 793
            },
            "accuracy": 0.8239571760428239,
            "macro avg": {
                "precision": 0.8214448308464452,
                "recall": 0.7616355673773202,
                "f1-score": 0.783578493537066,
                "support": 9901
            },
            "weighted avg": {
                "precision": 0.8222537139607149,
                "recall": 0.8239571760428239,
                "f1-score": 0.8187200413761958,
                "support": 9901
            },
            "score": 0.8239571760428239
        },
        "test": {
            "0": {
                "precision": 0.7918367346938775,
                "recall": 0.5025906735751295,
                "f1-score": 0.6148969889064976,
                "support": 386
            },
            "1": {
                "precision": 0.7455416555762576,
                "recall": 0.8687965260545906,
                "f1-score": 0.8024638303967913,
                "support": 3224
            },
            "2": {
                "precision": 0.6376594148537135,
                "recall": 0.5309181761399125,
                "f1-score": 0.5794137695978187,
                "support": 1601
            },
            "3": {
                "precision": 0.7970588235294118,
                "recall": 0.5037174721189591,
                "f1-score": 0.6173120728929384,
                "support": 538
            },
            "4": {
                "precision": 0.9795918367346939,
                "recall": 0.9635036496350365,
                "f1-score": 0.97148114075437,
                "support": 548
            },
            "5": {
                "precision": 0.9440337909186906,
                "recall": 0.9487088786699681,
                "f1-score": 0.94636556104446,
                "support": 2827
            },
            "6": {
                "precision": 0.7855711422845691,
                "recall": 0.6901408450704225,
                "f1-score": 0.7347703842549205,
                "support": 568
            },
            "7": {
                "precision": 0.9035734543391946,
                "recall": 0.9409332545776727,
                "f1-score": 0.9218749999999999,
                "support": 1693
            },
            "8": {
                "precision": 0.8508026440037771,
                "recall": 0.9091826437941474,
                "f1-score": 0.8790243902439026,
                "support": 991
            },
            "accuracy": 0.8251454427925016,