{
    "config": {
        "output": "results/TabNet/churn/97",
        "dataset": "churn",
        "normalization": "quantile",
        "model": "TabNet",
        "seed": 97,
        "early_stop": 16
    },
    "final": 0.8395,
    "best": 0.845,
    "losses": "[0.42120200395584106, 0.37771238029003146, 0.37154876708984375, 0.36919514745473864, 0.366571244597435, 0.36585311114788055, 0.36291622400283813, 0.3600060179829597, 0.3589617422223091, 0.3571158409118652, 0.3562079590559006, 0.3560174310207367, 0.35365024626255037, 0.3529402643442154, 0.35302291572093963, 0.35237736761569977, 0.3495766314864159, 0.3481410959362984, 0.34730934619903564, 0.3477418607473373, 0.3441381824016571]",
    "val_score": "[0.79625, 0.789375, 0.84375, 0.8525, 0.855, 0.851875, 0.853125, 0.851875, 0.849375, 0.851875, 0.850625, 0.850625, 0.85, 0.848125, 0.848125, 0.8475, 0.8475, 0.848125, 0.8475, 0.84875, 0.849375]",
    "test_score": "[0.7965, 0.792, 0.828, 0.8415, 0.8395, 0.839, 0.8365, 0.8405, 0.8405, 0.842, 0.8425, 0.8425, 0.842, 0.8425, 0.845, 0.8395, 0.843, 0.8405, 0.8415, 0.845, 0.843]",
    "cfg": {
        "model": {
            "batch_momentum": 0.95,
            "d_embedding": 128,
            "feature_dim": 64,
            "num_decision_steps": 3,
            "relaxation_factor": 1.333,
            "virtual_batch_size": 128,
            "output_dim": 64
        },
        "training": {
            "display_steps": 100,
            "epochs": 50000,
            "grad_thresh": 2000.0,
            "patience": 16,
            "schedule": {
                "decay_rate": 0.5,
                "decay_steps": 500,
                "learning_rate": 0.005
            },
            "sparsity_loss_weight": 0.001
        }
    }
}