{
    "config": {
        "output": "results/XGBoost/adult/119",
        "dataset": "adult",
        "normalization": "quantile",
        "model": "XGBoost",
        "seed": 119
    },
    "final": 0.839014802530557,
    "train_score": 0.844095515970516,
    "test_score": 0.8374021188392445,
    "cfg": {
        "normalization": "quantile",
        "fit": {
            "early_stopping_rounds": 50,
            "verbose": false,
            "eval_metric": "error"
        },
        "model": {
            "alpha": 0,
            "booster": "gbtree",
            "colsample_bylevel": 0.617272713203309,
            "colsample_bytree": 0.5411307302074724,
            "gamma": 0,
            "lambda": 2.936612875585434e-08,
            "learning_rate": 0.0279777241489622,
            "max_depth": 10,
            "min_child_weight": 4.058438699016036,
            "n_estimators": 2000,
            "n_jobs": -1,
            "subsample": 0.9532294000425751,
            "tree_method": "gpu_hist"
        }
    },
    "metric": {
        "train": {
            "0": {
                "precision": 0.8471633085896076,
                "recall": 0.9695575221238938,
                "f1-score": 0.9042375079585917,
                "support": 19775
            },
            "1": {
                "precision": 0.8237704918032787,
                "recall": 0.4485891917742707,
                "f1-score": 0.5808648983383218,
                "support": 6273
            },
            "accuracy": 0.844095515970516,
            "macro avg": {
                "precision": 0.8354669001964432,
                "recall": 0.7090733569490822,
                "f1-score": 0.7425512031484567,
                "support": 26048
            },
            "weighted avg": {
                "precision": 0.8415297421084713,
                "recall": 0.844095515970516,
                "f1-score": 0.8263614184258846,
                "support": 26048
            },
            "roc_auc": 0.8802293174266613,
            "score": 0.844095515970516
        },
        "val": {
            "0": {
                "precision": 0.8412363891815947,
                "recall": 0.9686552072800809,
                "f1-score": 0.9004605696024064,
                "support": 4945
            },
            "1": {
                "precision": 0.8107448107448108,
                "recall": 0.42346938775510207,
                "f1-score": 0.5563468789275241,
                "support": 1568
            },
            "accuracy": 0.8374021188392445,
            "macro avg": {
                "precision": 0.8259905999632027,
                "recall": 0.6960622975175915,
                "f1-score": 0.7284037242649652,
                "support": 6513
            },
            "weighted avg": {
                "precision": 0.8338955639107707,
                "recall": 0.8374021188392445,
                "f1-score": 0.8176154495381939,
                "support": 6513
            },
            "roc_auc": 0.8646456041971895,
            "score": 0.8374021188392445
        },
        "test": {
            "0": {
                "precision": 0.8449318149866442,
                "recall": 0.9666264575794129,
                "f1-score": 0.9016916094670117,
                "support": 12435
            },
            "1": {
                "precision": 0.7980535279805353,
                "recall": 0.4264170566822673,
                "f1-score": 0.5558379935604135,
                "support": 3846
            },
            "accuracy": 0.839014802530557,
            "macro avg": {
                "precision": 0.8214926714835897,
                "recall": 0.6965217571308401,
                "f1-score": 0.7287648015137126,
                "support": 16281
            },
            "weighted avg": {
                "precision": 0.8338579318206535,
                "recall": 0.839014802530557,
                "f1-score": 0.8199918977308299,
                "support": 16281
            },
            "roc_auc": 0.8621134632277129,
            "score": 0.839014802530557
        }
    }
}