{
    "config": {
        "output": "results/XGBoost/adult/163",
        "dataset": "adult",
        "normalization": "quantile",
        "model": "XGBoost",
        "seed": 163
    },
    "final": 0.8406117560346416,
    "train_score": 0.8472435503685504,
    "test_score": 0.8400122831260556,
    "cfg": {
        "normalization": "quantile",
        "fit": {
            "early_stopping_rounds": 50,
            "verbose": false,
            "eval_metric": "error"
        },
        "model": {
            "alpha": 0,
            "booster": "gbtree",
            "colsample_bylevel": 0.617272713203309,
            "colsample_bytree": 0.5411307302074724,
            "gamma": 0,
            "lambda": 2.936612875585434e-08,
            "learning_rate": 0.0279777241489622,
            "max_depth": 10,
            "min_child_weight": 4.058438699016036,
            "n_estimators": 2000,
            "n_jobs": -1,
            "subsample": 0.9532294000425751,
            "tree_method": "gpu_hist"
        }
    },
    "metric": {
        "train": {
            "0": {
                "precision": 0.8511158531163866,
                "recall": 0.968141592920354,
                "f1-score": 0.9058648181882704,
                "support": 19775
            },
            "1": {
                "precision": 0.8227349465391108,
                "recall": 0.46612466124661245,
                "f1-score": 0.5950951460262541,
                "support": 6273
            },
            "accuracy": 0.8472435503685504,
            "macro avg": {
                "precision": 0.8369253998277487,
                "recall": 0.7171331270834832,
                "f1-score": 0.7504799821072623,
                "support": 26048
            },
            "weighted avg": {
                "precision": 0.8442810317497078,
                "recall": 0.8472435503685504,
                "f1-score": 0.83102382642413,
                "support": 26048
            },
            "roc_auc": 0.8832509281142487,
            "score": 0.8472435503685504
        },
        "val": {
            "0": {
                "precision": 0.8443620963472737,
                "recall": 0.967644084934277,
                "f1-score": 0.9018092725216735,
                "support": 4945
            },
            "1": {
                "precision": 0.8108747044917257,
                "recall": 0.4375,
                "f1-score": 0.5683512841756421,
                "support": 1568
            },
            "accuracy": 0.8400122831260556,
            "macro avg": {
                "precision": 0.8276184004194997,
                "recall": 0.7025720424671384,
                "f1-score": 0.7350802783486579,
                "support": 6513
            },
            "weighted avg": {
                "precision": 0.8363000311807607,
                "recall": 0.8400122831260556,
                "f1-score": 0.8215295050218153,
                "support": 6513
            },
            "roc_auc": 0.8672703952662966,
            "score": 0.8400122831260556
        },
        "test": {
            "0": {
                "precision": 0.8481953290870489,
                "recall": 0.9638118214716526,
                "f1-score": 0.9023150762281198,
                "support": 12435
            },
            "1": {
                "precision": 0.7907949790794979,
                "recall": 0.4422776911076443,
                "f1-score": 0.5672836418209105,
                "support": 3846
            },
            "accuracy": 0.8406117560346416,
            "macro avg": {
                "precision": 0.8194951540832733,
                "recall": 0.7030447562896485,
                "f1-score": 0.7347993590245152,
                "support": 16281
            },
            "weighted avg": {
                "precision": 0.8346358581621033,
                "recall": 0.8406117560346416,
                "f1-score": 0.8231718481260297,
                "support": 16281
            },
            "roc_auc": 0.8655999967381084,
            "score": 0.8406117560346416
        }
    }
}