{
    "config": {
        "output": "results/XGBoost/adult/86",
        "dataset": "adult",
        "normalization": "quantile",
        "model": "XGBoost",
        "seed": 86
    },
    "final": 0.8387076960874639,
    "train_score": 0.8444410319410319,
    "test_score": 0.8395516658989712,
    "cfg": {
        "normalization": "quantile",
        "fit": {
            "early_stopping_rounds": 50,
            "verbose": false,
            "eval_metric": "error"
        },
        "model": {
            "alpha": 0,
            "booster": "gbtree",
            "colsample_bylevel": 0.617272713203309,
            "colsample_bytree": 0.5411307302074724,
            "gamma": 0,
            "lambda": 2.936612875585434e-08,
            "learning_rate": 0.0279777241489622,
            "max_depth": 10,
            "min_child_weight": 4.058438699016036,
            "n_estimators": 2000,
            "n_jobs": -1,
            "subsample": 0.9532294000425751,
            "tree_method": "gpu_hist"
        }
    },
    "metric": {
        "train": {
            "0": {
                "precision": 0.8453934361407671,
                "recall": 0.9730467762326169,
                "f1-score": 0.9047395147639646,
                "support": 19775
            },
            "1": {
                "precision": 0.8378460602372985,
                "recall": 0.43902439024390244,
                "f1-score": 0.5761506276150627,
                "support": 6273
            },
            "accuracy": 0.8444410319410319,
            "macro avg": {
                "precision": 0.8416197481890328,
                "recall": 0.7060355832382597,
                "f1-score": 0.7404450711895136,
                "support": 26048
            },
            "weighted avg": {
                "precision": 0.8435758421204025,
                "recall": 0.8444410319410319,
                "f1-score": 0.8256072171178859,
                "support": 26048
            },
            "roc_auc": 0.8779910450402191,
            "score": 0.8444410319410319
        },
        "val": {
            "0": {
                "precision": 0.8404329608938548,
                "recall": 0.9735085945399393,
                "f1-score": 0.9020893844279959,
                "support": 4945
            },
            "1": {
                "precision": 0.8331210191082803,
                "recall": 0.41709183673469385,
                "f1-score": 0.5558861028474288,
                "support": 1568
            },
            "accuracy": 0.8395516658989712,
            "macro avg": {
                "precision": 0.8367769900010675,
                "recall": 0.6953002156373166,
                "f1-score": 0.7289877436377123,
                "support": 6513
            },
            "weighted avg": {
                "precision": 0.8386726162416545,
                "recall": 0.8395516658989712,
                "f1-score": 0.8187411968772007,
                "support": 6513
            },
            "roc_auc": 0.8648386718185759,
            "score": 0.8395516658989712
        },
        "test": {
            "0": {
                "precision": 0.8426126440796368,
                "recall": 0.9700040209087254,
                "f1-score": 0.9018317757009346,
                "support": 12435
            },
            "1": {
                "precision": 0.8102746693794507,
                "recall": 0.4141965678627145,
                "f1-score": 0.5481761871988988,
                "support": 3846
            },
            "accuracy": 0.8387076960874639,
            "macro avg": {
                "precision": 0.8264436567295437,
                "recall": 0.69210029438572,
                "f1-score": 0.7250039814499167,
                "support": 16281
            },
            "weighted avg": {
                "precision": 0.8349735647419476,
                "recall": 0.8387076960874639,
                "f1-score": 0.8182890330328658,
                "support": 16281
            },
            "roc_auc": 0.8633100442634513,
            "score": 0.8387076960874639
        }
    }
}