{
    "config": {
        "output": "results/XGBoost/churn/31",
        "dataset": "churn",
        "normalization": "quantile",
        "model": "XGBoost",
        "seed": 31
    },
    "final": 0.851,
    "train_score": 0.8796875,
    "test_score": 0.86125,
    "cfg": {
        "eval_score": 0.858,
        "n_trial": 51,
        "dataset": "churn",
        "normalization": "quantile",
        "fit": {
            "early_stopping_rounds": 50,
            "verbose": false,
            "eval_metric": "error"
        },
        "model": {
            "alpha": 0.9503299243972039,
            "booster": "gbtree",
            "colsample_bylevel": 0.6677906986372057,
            "colsample_bytree": 0.8212494035186699,
            "gamma": 6.530439605891802e-07,
            "lambda": 2.3562503251888525e-08,
            "learning_rate": 8.659258690380046e-05,
            "max_depth": 9,
            "min_child_weight": 2.882693797501982e-08,
            "n_estimators": 2000,
            "n_jobs": -1,
            "subsample": 0.7457707152364644,
            "tree_method": "gpu_hist"
        }
    },
    "metric": {
        "train": {
            "0": {
                "precision": 0.8763048016701461,
                "recall": 0.9884222919937206,
                "f1-score": 0.9289929915160458,
                "support": 5096
            },
            "1": {
                "precision": 0.9095092024539877,
                "recall": 0.45475460122699385,
                "f1-score": 0.6063394683026585,
                "support": 1304
            },
            "accuracy": 0.8796875,
            "macro avg": {
                "precision": 0.8929070020620669,
                "recall": 0.7215884466103573,
                "f1-score": 0.7676662299093522,
                "support": 6400
            },
            "weighted avg": {
                "precision": 0.8830701983298539,
                "recall": 0.8796875,
                "f1-score": 0.8632523361613181,
                "support": 6400
            },
            "roc_auc": 0.9012265123132783,
            "score": 0.8796875
        },
        "val": {
            "0": {
                "precision": 0.8647711511789181,
                "recall": 0.978806907378336,
                "f1-score": 0.9182621502209131,
                "support": 1274
            },
            "1": {
                "precision": 0.8291139240506329,
                "recall": 0.401840490797546,
                "f1-score": 0.5413223140495868,
                "support": 326
            },
            "accuracy": 0.86125,
            "macro avg": {
                "precision": 0.8469425376147754,
                "recall": 0.690323699087941,
                "f1-score": 0.7297922321352499,
                "support": 1600
            },
            "weighted avg": {
                "precision": 0.8575059911515299,
                "recall": 0.86125,
                "f1-score": 0.8414606586010052,
                "support": 1600
            },
            "roc_auc": 0.8465583496258342,
            "score": 0.86125
        },
        "test": {
            "0": {
                "precision": 0.8567493112947658,
                "recall": 0.9761456371625863,
                "f1-score": 0.9125586854460093,
                "support": 1593
            },
            "1": {
                "precision": 0.7945945945945946,
                "recall": 0.36117936117936117,
                "f1-score": 0.4966216216216216,
                "support": 407
            },
            "accuracy": 0.851,
            "macro avg": {
                "precision": 0.8256719529446802,
                "recall": 0.6686624991709738,
                "f1-score": 0.7045901535338155,
                "support": 2000
            },
            "weighted avg": {
                "precision": 0.8441008264462809,
                "recall": 0.851,
                "f1-score": 0.8279154929577464,
                "support": 2000
            },
            "roc_auc": 0.8390524576965255,
            "score": 0.851
        }
    }
}